date,tic,close,high,low
2024-01-02,AAPL,189.80308189195642,191.0536167496762,188.10062361144315
2024-01-02,AMZN,151.8386070477426,153.0654004533213,149.82817941897707
2024-01-02,GOOGL,138.6136578004486,139.49277522657192,137.24837437122864
2024-01-02,MSFT,368.09047757972263,370.36398633876274,364.84699026491455
2024-01-02,NVDA,49.358349275215616,49.938873597317155,48.617056517104125
2024-01-03,AAPL,182.83611657904555,184.3295315775786,181.44496449294525
2024-01-03,AMZN,149.70732138182444,151.26090859553292,148.04869638230144
2024-01-03,GOOGL,136.7309421176663,137.77277434259128,135.42296377910594
2024-01-03,MSFT,364.2102851922648,366.6540328645184,361.0470679261213
2024-01-03,NVDA,47.902069085485486,48.663340432308175,47.26155765214583
2024-01-04,AAPL,181.84030929267993,183.08772248880607,180.35233953321526
2024-01-04,AMZN,148.62388783479116,149.81533833843508,147.10683271043774
2024-01-04,GOOGL,137.790212403271,138.82975952690816,136.49857138202884
2024-01-04,MSFT,363.11033546638396,365.1741717095542,360.09136630199595
2024-01-04,NVDA,47.428179578366006,47.927763003503635,46.70967062144414
2024-01-05,AAPL,178.93523588304654,180.04772959594064,177.33344239136235
2024-01-05,AMZN,143.7619821919476,145.06569395568724,141.9176435828879
2024-01-05,GOOGL,134.52494234586567,135.4500338988962,133.03403673739564
2024-01-05,MSFT,360.46588785610925,362.7421034723336,357.065897548279
2024-01-05,NVDA,47.90041035492607,48.36271650789791,47.1683443617118
2024-01-08,AAPL,178.87693030744833,180.3044044195788,177.668334075629
2024-01-08,AMZN,145.12461236429473,146.73424213538246,143.68974606066763
2024-01-08,GOOGL,134.34800769256353,135.6418916433723,133.29072831224485
2024-01-08,MSFT,361.1737263033852,364.21913250388485,358.54336923291964
2024-01-08,NVDA,49.24054138705449,49.92567832644378,48.636260066367726
2024-01-09,AAPL,182.16933913067732,183.6265993404202,180.9173540761006
2024-01-09,AMZN,148.26614902981294,149.6933712183169,146.85751837818276
2024-01-09,GOOGL,137.09757680608737,138.5663017069325,136.0957023577258
2024-01-09,MSFT,366.40360244538874,369.04953165266596,363.42980321676004
2024-01-09,NVDA,51.80786365565531,52.261840351346834,51.167091116847004
2024-01-10,AAPL,182.16056251418078,183.38210405027777,180.58863010525383
2024-01-10,AMZN,150.5648527293745,151.99973683817902,148.89699922278467
2024-01-10,GOOGL,139.11883162977352,140.26655472893142,137.73364890039034
2024-01-10,MSFT,367.7450745770038,370.22148168260975,364.59664341556845
2024-01-10,NVDA,52.70392875053266,53.352199338629326,51.76663677805616
2024-01-11,AAPL,184.08997499386882,185.17890651572023,182.54618401840338
2024-01-11,AMZN,153.32835925269677,154.73007692109059,151.80124957280069
2024-01-11,GOOGL,140.80661975221182,141.9606531773578,139.56710268022502
2024-01-11,MSFT,374.8261712899389,377.3824177359773,371.10087810069973
2024-01-11,NVDA,54.21590852254952,54.85528866341331,53.39556796195838
2024-01-12,AAPL,183.9095651732233,185.13185337561168,182.34829957738904
2024-01-12,AMZN,156.23646271944028,157.52453521363813,154.61523999997289
2024-01-12,GOOGL,141.5032746680297,142.90520314230292,140.26509913796713
2024-01-12,MSFT,379.367347924863,381.8154498893587,375.8837159232982
2024-01-12,NVDA,55.242637778087555,55.95219405936282,54.39852375481213
2024-01-16,AAPL,183.19029842509644,184.05909071496112,181.41861712335884
2024-01-16,AMZN,154.2655026768356,155.45532444148736,152.29808627293696
2024-01-16,GOOGL,141.28731873653473,142.31616911280847,139.71599088109758
2024-01-16,MSFT,380.7234619402717,382.59780560605475,376.72818921941814
2024-01-16,NVDA,54.52031789766731,55.012748190503494,53.51076248724562
2024-01-17,AAPL,181.98874229342056,183.06941437283686,179.9842859196664
2024-01-17,AMZN,153.486076798791,154.88250342174555,151.82897334804267
2024-01-17,GOOGL,141.7568679471941,142.87495834419383,140.46466107807777
2024-01-17,MSFT,385.5133648375255,387.94071836915145,382.1201394126336
2024-01-17,NVDA,56.92737768349468,57.50562751163044,55.78558913380846
2024-01-18,AAPL,181.08429302498712,182.17374323764355,179.68533865745326
2024-01-18,AMZN,152.35385367844236,153.737556720859,150.82119755176805
2024-01-18,GOOGL,140.97065195546682,142.21687305723063,139.4774475039728
2024-01-18,MSFT,383.4737427351102,386.04969821100525,380.2196887731474
2024-01-18,NVDA,56.54797077683648,57.25934555340946,55.70762425240673
2024-01-19,AAPL,186.5296738910022,187.5954650481198,184.87295431980243
2024-01-19,AMZN,152.7751743539988,154.1994857281327,151.2383251781971
2024-01-19,GOOGL,141.9889612248204,143.18495465180914,140.6037740850027
2024-01-19,MSFT,387.5654955873011,389.80591304109794,383.86169190648724
2024-01-19,NVDA,57.197065038432704,57.899892709862876,56.32132886932891
2024-01-22,AAPL,189.63942759867444,190.7028249678533,187.76681433380216
2024-01-22,AMZN,155.56125733887262,156.74005772609604,153.59727841691236
2024-01-22,GOOGL,145.53822333611387,146.55168054174044,144.03877028843496
2024-01-22,MSFT,392.23894583943246,394.3440019646368,388.59378122813297
2024-01-22,NVDA,59.858194362605566,60.44579993294893,58.59694168993946
2024-01-23,AAPL,192.03914513915186,193.49955818391547,190.4366329274758
2024-01-23,AMZN,154.79794735399733,156.5262727802672,153.37560844742998
2024-01-23,GOOGL,144.88132871339388,146.32973083489242,143.72272171153398
2024-01-23,MSFT,389.2019855683448,392.4169776605778,386.3801458199432
2024-01-23,NVDA,59.81618523296461,60.64579370540292,58.88278679657623
2024-01-24,AAPL,193.16031768420916,194.41401012479392,191.39903279199086
2024-01-24,AMZN,156.69866642321335,158.3469000059935,154.66313711865382
2024-01-24,GOOGL,146.03210195261727,147.49484705169158,144.4019468815223
2024-01-24,MSFT,391.83480253602687,395.22673815712653,388.35175825844385
2024-01-24,NVDA,60.051467598039565,60.881599294462696,59.139568066910556
2024-01-25,AAPL,192.36996284413746,193.43373320720207,190.8504600595428
2024-01-25,AMZN,157.1041292989584,158.59218489856147,155.59894856726277
2024-01-25,GOOGL,147.36274184428916,148.53245696312825,146.0235395883101
2024-01-25,MSFT,396.1372125675259,398.865851118106,392.61714846674334
2024-01-25,NVDA,61.56651516599464,62.3285633695957,60.59228354798913
2024-01-26,AAPL,192.2837874659529,193.42327801368435,190.57262023181366
2024-01-26,AMZN,157.89131800609545,159.22324429354566,155.8411299574074
2024-01-26,GOOGL,151.2958807357043,152.36131846946276,149.61032516161208
2024-01-26,MSFT,398.5338249863446,400.87398886765885,394.39223973115026
2024-01-26,NVDA,61.82250439183251,62.54982748732662,60.71737973505427
2024-01-29,AAPL,190.25744809986583,191.54750294032303,188.67424432385795
2024-01-29,AMZN,159.81751363775777,161.12143358593528,157.8786922482297
2024-01-29,GOOGL,151.0809408109871,152.16745887808224,149.4846234048966
2024-01-29,MSFT,397.59929054854774,400.0362316160961,394.1431169951073
2024-01-29,NVDA,61.34401304277295,61.991377914547684,60.28430901191672
2024-01-30,AAPL,189.10164941968983,190.2945332918878,187.39305795092127
2024-01-30,AMZN,161.79752162619874,163.09088808031362,160.04397544358616
2024-01-30,GOOGL,152.9067814360144,154.1287623244801,151.44891449779044
2024-01-30,MSFT,402.72211947110577,405.0799342956989,399.2001512273517
2024-01-30,NVDA,62.69260020778798,63.46199943427222,61.66530195214267
2024-01-31,AAPL,185.7320559020637,187.28351364184127,184.26814157206204
2024-01-31,AMZN,158.46772972203652,160.11721897926805,156.80795650103678
2024-01-31,GOOGL,149.8912395053146,151.22685027162834,148.58429527478154
2024-01-31,MSFT,401.3581784387334,403.6685836068578,397.54682412322643
2024-01-31,NVDA,62.82902693745489,63.46687473470703,61.85742140788204
2024-02-01,AAPL,181.48232361236748,182.4874764354946,179.5378069445253
2024-02-01,AMZN,155.00835647155694,156.0564083980094,153.1555743643194
2024-02-01,GOOGL,138.7773663677007,139.70710020910977,137.30277533979603
2024-02-01,MSFT,391.1958890610936,395.23424662949486,387.2448996697243
2024-02-01,NVDA,61.45778030281611,61.96919879187775,60.1855189829777
2024-02-02,AAPL,184.54664423832173,185.55750821401574,182.68233421070994
2024-02-02,AMZN,159.85011070994372,160.95735757045315,157.65418016108936
2024-02-02,GOOGL,139.5466487984356,140.6766898027011,138.153229015139
2024-02-02,MSFT,396.5858668047047,399.2065568021033,392.8744961144291
2024-02-02,NVDA,63.21169945990198,63.73251717636388,61.96874456762978
2024-02-05,AAPL,182.61204240604712,183.37226288685915,180.4856341910026
2024-02-05,AMZN,173.76672848556044,175.06235169475062,171.2287159275993
2024-02-05,GOOGL,139.70056099074137,140.9479400838685,137.8878300535835
2024-02-05,MSFT,401.6333235180216,404.8962938800122,398.10170499284413
2024-02-05,NVDA,66.40286226596098,66.89327464251744,65.08651194536446
2024-02-06,AAPL,185.31322780939078,186.23330620992397,183.21304767821732
2024-02-06,AMZN,171.13920617336012,172.42083838289005,168.9885348530708
2024-02-06,GOOGL,142.19575330640868,143.50637218620977,140.82926859884898
2024-02-06,MSFT,398.65765697275384,401.55056220490724,395.23201650679306
2024-02-06,NVDA,70.15710751303294,70.82029039949906,68.80046311262853
2024-02-07,AAPL,187.53662693058908,188.8751464481199,185.5217592974543
2024-02-07,AMZN,169.78654211165622,171.30075065763458,167.82225702658278
2024-02-07,GOOGL,142.82396726942963,144.17971565815057,141.35090516644104
2024-02-07,MSFT,398.14723836524905,401.81093237612805,395.1297537683709
2024-02-07,NVDA,68.47975961881278,69.410394335748,67.13860800323643
2024-02-08,AAPL,186.91892528610668,188.06941440149836,185.21070653826052
2024-02-08,AMZN,170.75896782325714,172.16769715180442,168.86421784200826
2024-02-08,GOOGL,144.054677049765,145.28934563838143,142.69951992364938
2024-02-08,MSFT,406.8921836221482,409.89665921935983,403.36175776770915
2024-02-08,NVDA,70.3742150371952,71.1127136450343,68.96498157733969
2024-02-09,AAPL,186.3656655271937,187.41951116688827,184.43304031207398
2024-02-09,AMZN,170.825324596173,172.19156702821627,168.73276999947512
2024-02-09,GOOGL,144.84836278861883,146.04472265340468,143.25345791783013
2024-02-09,MSFT,408.02227364508,411.219478076188,404.0596858014558
2024-02-09,NVDA,70.29145491997818,70.92043662645557,68.94381922348326
2024-02-12,AAPL,185.8651760551939,186.82259280164394,183.81072835798722
2024-02-12,AMZN,173.94471125958853,175.30312229820888,171.50269252537842
2024-02-12,GOOGL,147.62154603173232,148.50652248523448,145.77486781558494
2024-02-12,MSFT,412.19033986478325,414.18925184272223,407.82126426087785
2024-02-12,NVDA,72.2006522167353,72.78693714863273,70.59517796099105
2024-02-13,AAPL,184.5717494902895,185.29444056805937,182.77232599038905
2024-02-13,AMZN,172.5749594056625,173.76700006550334,170.05336870840705
2024-02-13,GOOGL,146.1520097117656,147.1148700426939,144.46652697467343
2024-02-13,MSFT,406.9449346928841,409.53840487512343,402.67413091461196
2024-02-13,NVDA,72.56387929518775,73.3105824808078,70.90820127268591
2024-02-14,AAPL,183.148112137201,184.40151804384638,181.54188463679864
2024-02-14,AMZN,168.93211092853136,170.58698468485676,166.9621035364133
2024-02-14,GOOGL,143.93093540394838,145.13726956832554,142.53329710003604
2024-02-14,MSFT,398.54634211365374,401.80115697066856,395.37149787071786
2024-02-14,NVDA,72.65981022063924,73.63009097189581,71.24665950486678
2024-02-15,AAPL,181.95168447055454,183.1247731302539,180.34817460426171
2024-02-15,AMZN,171.76310768857604,173.1181969562617,169.65927321721048
2024-02-15,GOOGL,144.83558115493375,145.96229062747497,143.34210358844814
2024-02-15,MSFT,403.116465867711,405.965080947901,399.6415484164006
2024-02-15,NVDA,74.58441560846265,75.38783619552167,73.05264088824332
2024-02-16,AAPL,181.72240781823243,182.67265384359203,179.9794014510446
2024-02-16,AMZN,170.45680976113596,171.72784470828398,168.06092390395892
2024-02-16,GOOGL,141.57805448519977,142.5213808490224,139.9166325983482
2024-02-16,MSFT,400.2765777593664,402.60782757150275,396.2473508308864
2024-02-16,NVDA,73.13463347652196,73.80658222906523,71.68417691947147
2024-02-20,AAPL,180.16865512775908,181.27157472873967,178.562839830845
2024-02-20,AMZN,170.42115317204008,171.4975704998908,168.19097101159318
2024-02-20,GOOGL,138.96594372829796,139.7757507404463,137.47620546420288
2024-02-20,MSFT,399.1568281828758,401.5679364826892,395.84142841121667
2024-02-20,NVDA,73.39356342161823,74.12304932651,72.11609744982519
2024-02-21,AAPL,179.25483663586786,180.32247866890907,177.64913898148748
2024-02-21,AMZN,167.19763628314197,168.616780062144,165.15591167504542
2024-02-21,GOOGL,139.11824444004358,140.36507076752062,137.6860813262849
2024-02-21,MSFT,395.62808916302265,398.741992414748,392.20708649703784
2024-02-21,NVDA,69.61043122427677,70.46927611357373,68.24764336527704
2024-02-22,AAPL,180.12436843699507,181.0036154747729,178.2951699533658
2024-02-22,AMZN,169.12350200135765,170.33525616396517,167.05191027828167
2024-02-22,GOOGL,141.57455288613255,142.46335629788152,139.96364521525473
2024-02-22,MSFT,395.1397699210947,397.0024905976474,391.34699031967386
2024-02-22,NVDA,67.21083329369036,68.09952576062517,65.89622191337745
2024-02-23,AAPL,181.54181877205087,182.7941325071874,180.1348227908828
2024-02-23,AMZN,174.66639242495168,176.1989021124032,172.59125853470593
2024-02-23,GOOGL,142.38795974491478,143.39789416989626,140.78423822739555
2024-02-23,MSFT,404.55876282485724,407.3509183857078,401.0005018055745
2024-02-23,NVDA,81.24003466904473,82.50253684139567,79.33690265656223
2024-02-26,AAPL,179.42678523128507,180.34077148360726,177.9588123103585
2024-02-26,AMZN,174.3566486856327,175.43836550599866,172.3170973141885
2024-02-26,GOOGL,142.0942106737839,143.0482194055129,140.71917631644746
2024-02-26,MSFT,400.9710969563752,403.3154847644373,397.4853781117726
2024-02-26,NVDA,78.25366607164571,79.70777322375484,76.80637535004408
2024-02-27,AAPL,179.06773139516662,179.98246755115295,177.26929064257212
2024-02-27,AMZN,175.5103947679893,176.53263561221587,173.0839925243756
2024-02-27,GOOGL,135.41243607143963,136.80048536463005,133.8398276798594
2024-02-27,MSFT,401.15705855927547,403.1095673421349,397.24327836371964
2024-02-27,NVDA,79.64188808743735,80.73092511346049,77.66380119196678
2024-02-28,AAPL,180.7142362756552,181.84358955494352,178.9523198012907
2024-02-28,AMZN,173.78675441533167,174.97726868841815,171.9156417015875
2024-02-28,GOOGL,137.80442606158746,138.78634371665586,136.52166043258097
2024-02-28,MSFT,400.65187123319146,402.9933603717426,397.3530156279087
2024-02-28,NVDA,79.07284514780544,80.12944208009597,77.54425193241254
2024-02-29,AAPL,179.50007763260433,180.63743674029047,177.81454131721318
2024-02-29,AMZN,173.43703631229468,174.74000970725004,171.67853841542492
2024-02-29,GOOGL,134.79826401810752,135.98701336200446,133.42443867837954
2024-02-29,MSFT,401.38155162437096,403.6976992267388,398.0108267194929
2024-02-29,NVDA,77.79776533559951,78.82792754769574,76.39838953603397
2024-03-01,AAPL,179.06522596262832,180.45424763193878,177.60787100878892
2024-03-01,AMZN,178.08565045377543,179.47198468793553,176.01683438619904
2024-03-01,GOOGL,137.4119004612391,138.57877172071517,136.11934644920777
2024-03-01,MSFT,408.4704706962437,411.17933935932274,405.03504957801374
2024-03-01,NVDA,80.04403250528279,81.23935754522515,78.68089916419525
2024-03-04,AAPL,177.88093326841852,179.16822558704087,176.37555885808987
2024-03-04,AMZN,178.98623072070592,180.312874244675,177.2410574529214
2024-03-04,GOOGL,136.18243851206594,137.5090193778284,135.13733807990707
2024-03-04,MSFT,409.24340614250224,411.732078975856,406.1660637824618
2024-03-04,NVDA,83.18838633036944,84.45241145813344,81.67295326823132
2024-03-05,AAPL,172.39421490308735,173.67699359915824,170.89677776187912
2024-03-05,AMZN,178.37308594276482,179.5459551150163,176.31301332632538
2024-03-05,GOOGL,131.47117150756242,132.67341544414185,130.1860001813672
2024-03-05,MSFT,408.23802669709886,410.456188921096,404.5697950376246
2024-03-05,NVDA,85.67265871021391,86.9593111927134,84.01181685669145
2024-03-06,AAPL,167.94984532625486,168.80165018756077,166.20607117839603
2024-03-06,AMZN,174.80316695368003,175.7573286378991,172.64686035468168
2024-03-06,GOOGL,130.8228537952086,131.95772286581027,129.57630999561422
2024-03-06,MSFT,396.16017488716085,398.8814998860388,392.10889477711805
2024-03-06,NVDA,86.83417770778927,87.92481788113727,85.09787073789848
2024-03-07,AAPL,166.80737222032099,168.0420281391451,165.374326590465
2024-03-07,AMZN,174.13513073998155,175.66051622431422,172.30036350524844
2024-03-07,GOOGL,129.86817934582103,131.03445448721743,128.5238574218086
2024-03-07,MSFT,395.7472912956581,398.22371416282215,391.98391753570166
2024-03-07,NVDA,89.62468001967468,90.67434111537267,87.8646295666651
2024-03-08,AAPL,166.332459170233,167.2784847444153,164.8000614876572
2024-03-08,AMZN,176.66910533389458,178.0106524203431,174.6344876309096
2024-03-08,GOOGL,132.81258307314752,133.91021768467462,131.42262437068086
2024-03-08,MSFT,401.89763753945124,404.5740079044846,398.07683332494366
2024-03-08,NVDA,93.42299526840668,94.60221611528581,91.59011984874043
2024-03-11,AAPL,167.6136757516085,168.27295015132248,165.9775739066736
2024-03-11,AMZN,175.5767477961482,176.25509581391591,173.28254280581484
2024-03-11,GOOGL,134.0804976175709,134.7735643085205,132.2743775530026
2024-03-11,MSFT,399.19988842963073,401.04365348989023,394.24331756219703
2024-03-11,NVDA,86.92545313296338,90.2277514777114,84.30839786087019
2024-03-12,AAPL,170.43491955966036,171.19841989741232,168.76612240957598
2024-03-12,AMZN,171.77416338119832,172.8129166090345,169.79775009597142
2024-03-12,GOOGL,136.31557142879558,137.44853429015478,134.74735719837554
2024-03-12,MSFT,396.85517219039696,398.71513002565047,392.4142994627038
2024-03-12,NVDA,86.01182629829741,87.30347627228407,83.86863770221122
2024-03-13,AAPL,171.66507026319525,172.77393535288525,170.04269762507607
2024-03-13,AMZN,175.9123508205272,177.55348461291354,173.73101239441914
2024-03-13,GOOGL,137.24797449804714,138.46589122106312,135.8265459808438
2024-03-13,MSFT,411.87644660101506,413.90256744168016,407.55898044006466
2024-03-13,NVDA,93.33087653173044,94.78505245278633,90.89939534402264
2024-03-14,AAPL,168.84208198684215,170.1324501903364,167.51355057722384
2024-03-14,AMZN,177.0380614010252,178.33657954545535,175.015499333363
2024-03-14,GOOGL,138.83796302301218,139.94198984473573,137.34906450492335
2024-03-14,MSFT,408.6444596962556,411.0709475164996,404.3772022477365
2024-03-14,NVDA,91.22992937272899,92.56286896984577,89.299191508916
2024-03-15,AAPL,170.77855999286007,171.46158485510716,169.013203400481
2024-03-15,AMZN,178.8771716554057,180.0979561021203,176.50995489145072
2024-03-15,GOOGL,141.9995813223973,143.00976727690565,140.20442542151974
2024-03-15,MSFT,418.47068842685474,420.62075754563364,413.40442986421385
2024-03-15,NVDA,87.7734271413723,89.04448690248965,85.59159616488513
2024-03-18,AAPL,170.50373537935877,171.89732963643007,169.19897487018554
2024-03-18,AMZN,174.39501844083387,176.06702036487562,172.52513139064078
2024-03-18,GOOGL,140.3100941155055,141.65986044351308,138.8335718818627
2024-03-18,MSFT,409.81471389264453,413.1585899201696,405.7010702402529
2024-03-18,NVDA,87.99157193289253,89.33276754773155,86.0529132500541
2024-03-19,AAPL,170.90166494972587,172.02556834244433,169.1962794424281
2024-03-19,AMZN,174.72995793473657,175.77423406585467,172.56806487076253
2024-03-19,GOOGL,147.09230009219647,148.48104700787627,145.2220234469457
2024-03-19,MSFT,410.065097795928,411.9172201545123,405.2601137847672
2024-03-19,NVDA,88.48248813515332,89.9861470894773,86.41268889652844
2024-03-20,AAPL,174.76532682777727,175.9955077978992,173.32488571096874
2024-03-20,AMZN,176.8912439990981,178.0506783577163,174.77266181393938
2024-03-20,GOOGL,147.0891180030747,148.25752582467695,145.48615871870138
2024-03-20,MSFT,417.343168291577,419.30737334271055,412.8771879118314
2024-03-20,NVDA,90.30524776755686,91.71009987003004,88.13711497230877
2024-03-21,AAPL,177.12745242310146,178.29345325899897,175.3692639654981
2024-03-21,AMZN,178.21139489723907,179.47875141825347,176.16883630978194
2024-03-21,GOOGL,147.99282020559218,149.0580723252336,146.54586636730514
2024-03-21,MSFT,418.5349118512839,420.40408161460834,414.4573950150944
2024-03-21,NVDA,90.65686402675294,91.96046343688131,88.7649139221389
2024-03-22,AAPL,168.91137946896507,170.62850068200856,167.1110043894482
2024-03-22,AMZN,177.62469714502157,178.79580229943323,175.69524477868248
2024-03-22,GOOGL,146.9949707274125,148.2324726347298,145.31262535723909
2024-03-22,MSFT,419.8777614058725,422.5331642758462,415.1488329884367
2024-03-22,NVDA,91.25163959473505,93.12402300867296,88.830676592354
2024-03-25,AAPL,170.47057000410962,172.0715208668812,169.10302725084176
2024-03-25,AMZN,179.49560508223294,181.1750417448448,177.70544627685155
2024-03-25,GOOGL,150.01457072519796,151.57096294289119,148.6122367126769
2024-03-25,MSFT,423.3298097252078,426.16126154515314,419.5654397031307
2024-03-25,NVDA,95.06124311135017,96.68821905702119,93.11104566127565
2024-03-26,AAPL,169.34676933183374,170.96894575015784,168.17167812227996
2024-03-26,AMZN,180.5284355256418,182.34424196090148,178.94029485469983
2024-03-26,GOOGL,149.07834600494817,150.59006998968948,147.84528448371967
2024-03-26,MSFT,415.7442209617451,418.8142151959228,412.7390634684286
2024-03-26,NVDA,95.39519870010399,97.1568918005252,93.83275421314173
2024-03-27,AAPL,167.4907514515121,168.58295910337986,165.99037861494446
2024-03-27,AMZN,178.4761702994698,179.61872278817802,176.32829034172428
2024-03-27,GOOGL,150.13915462813873,151.39565103212428,148.40854583608674
2024-03-27,MSFT,414.54045644840903,416.2751523038727,410.3811355635468
2024-03-27,NVDA,92.52657452833562,94.13842999165145,90.49803099031517
2024-03-28,AAPL,171.61908515749374,172.86540450251866,170.01092789779537
2024-03-28,AMZN,179.49144100341252,180.9018135239922,177.7666875401723
2024-03-28,GOOGL,149.2486597376875,150.69024815956058,147.97377353998496
2024-03-28,MSFT,412.9829939768184,415.94949901837947,410.00013103737945
2024-03-28,NVDA,89.66342039670968,91.58954810606507,87.9746970424694
2024-04-01,AAPL,169.33804260068695,170.70177005845918,167.90208702242012
2024-04-01,AMZN,180.5780659855221,181.92324544626098,178.8020830442452
2024-04-01,GOOGL,149.8410880860215,151.0651481939045,148.3022698405428
2024-04-01,MSFT,413.7991292671788,415.885593608456,410.32325754025203
2024-04-01,NVDA,90.29411297334468,91.83473125661453,88.57864028166145
2024-04-02,AAPL,167.6535778724073,168.87542592436338,166.22978896413386
2024-04-02,AMZN,181.20305556667464,182.62156747605263,179.46009916020756
2024-04-02,GOOGL,153.97044629795212,155.1007726571496,152.03780223509702
2024-04-02,MSFT,418.40264016848124,420.96009201889217,415.2301770159907
2024-04-02,NVDA,90.48718812272182,91.88391629927393,88.6454924801142
2024-04-03,AAPL,166.95612697846468,168.34144931507464,165.80308472057297
2024-04-03,AMZN,181.50894663326378,182.92621141846155,179.68720805182934
2024-04-03,GOOGL,153.60906922153185,154.82735731487156,152.04207281505384
2024-04-03,MSFT,415.19292598979945,418.0124289486924,412.397261535726
2024-04-03,NVDA,89.90346240115066,91.35776031379037,88.26291402364208
2024-04-04,AAPL,167.83303969274957,169.26122978850313,166.72374736214726
2024-04-04,AMZN,183.19995435298617,184.69610340117086,181.50554225430295
2024-04-04,GOOGL,154.21500338511143,155.52491884899,152.56575380534588
2024-04-04,MSFT,413.49230467363856,416.2306325357906,410.7800171262912
2024-04-04,NVDA,88.90360483755852,90.60960093791613,87.57720814109157
2024-04-05,AAPL,166.07375672921006,166.7684842992385,164.48655845095843
2024-04-05,AMZN,179.23774486530812,180.86139296699693,177.36315045275938
2024-04-05,GOOGL,148.31194513048575,149.82941205551668,146.5715979047321
2024-04-05,MSFT,408.78916551308765,411.9251788771357,405.1116630704607
2024-04-05,NVDA,85.60278702525984,87.18353264995918,83.85843741607131
2024-04-08,AAPL,167.47617419485823,168.67297716391113,166.1780571840127
2024-04-08,AMZN,186.38918684209855,187.77174053463372,184.15488762204956
2024-04-08,GOOGL,151.78745127083295,153.00429109083095,150.0289501305691
2024-04-08,MSFT,419.48801196880214,421.7180094182236,415.37577088378396
2024-04-08,NVDA,88.71884054830038,89.85532368620662,86.97537932112267
2024-04-09,AAPL,166.27534671488323,167.36868026467835,164.8918783460528
2024-04-09,AMZN,185.64423202469092,187.07996711124153,183.83678447472485
2024-04-09,GOOGL,153.52132711448678,154.6037242165335,151.52288357349153
2024-04-09,MSFT,417.3969738742071,420.1646514323975,413.82732633560556
2024-04-09,NVDA,87.17195802564143,88.509573554601,85.58704659922272
2024-04-10,AAPL,167.3513350086607,168.4479029314678,165.90944989563073
2024-04-10,AMZN,185.66544084336965,186.88328618617328,183.41108349677796
2024-04-10,GOOGL,155.11176910548318,156.41507517626314,153.39461193926408
2024-04-10,MSFT,418.6742925313901,420.69558134493496,415.1669862641922
2024-04-10,NVDA,85.03778977626337,86.57642867296016,83.36027911387673
2024-04-11,AAPL,166.2225915400462,167.70068475376976,165.25631825553535
2024-04-11,AMZN,186.9358000297345,188.60699009063168,185.21233646197504
2024-04-11,GOOGL,155.56143037735453,156.87783685580936,154.1468199080352
2024-04-11,MSFT,417.33663770315434,420.2014324090895,414.74037812275867
2024-04-11,NVDA,87.46064466064561,88.84966470532171,85.70193249454198
2024-04-12,AAPL,174.05581772745467,175.04906901801667,171.60969812022373
2024-04-12,AMZN,188.36131453214304,189.6876878714719,186.40534601524928
2024-04-12,GOOGL,158.26821537776647,159.49371809627826,156.52215594179575
2024-04-12,MSFT,418.5176352833388,420.73239586768375,414.50669784918466
2024-04-12,NVDA,90.28952874638819,91.54214917817828,88.19497697307663
2024-04-15,AAPL,175.262235810665,176.256197122657,173.64786194124724
2024-04-15,AMZN,186.05389747779685,187.6292880626387,184.16206944517387
2024-04-15,GOOGL,156.47756715482066,157.9295168865826,155.00067299951243
2024-04-15,MSFT,414.2508718388476,416.4328567484825,410.9049181059649
2024-04-15,NVDA,88.22526022425906,89.41332704037883,86.57667003235012
2024-04-16,AAPL,171.1991478747563,171.76414720516928,168.86498179586727
2024-04-16,AMZN,182.96601875281817,183.61509054572474,179.84940785959353
2024-04-16,GOOGL,153.86178060859234,154.82120204286736,151.45106157808726
2024-04-16,MSFT,405.7186793925247,408.1543389157388,400.19797594570815
2024-04-16,NVDA,85.87528093851277,86.75856786974404,83.7442511211126
2024-04-17,AAPL,167.21920525417735,168.82847167765283,165.62037668805996
2024-04-17,AMZN,183.20394594224308,184.74857432038263,181.27357169212806
2024-04-17,GOOGL,153.10253118925985,154.50985882110544,151.28015401697488
2024-04-17,MSFT,406.30395175605173,408.82684524821724,402.8833819068939
2024-04-17,NVDA,87.21350393236948,88.95305285401408,85.47596664305198
2024-04-18,AAPL,166.1670075289329,167.2186388409852,164.4412852729273
2024-04-18,AMZN,181.25575852380226,182.42948481763557,179.06901521570015
2024-04-18,GOOGL,154.22984834306354,155.35347546371545,152.3980910748206
2024-04-18,MSFT,404.23241591504416,406.2209287833451,400.5047783768159
2024-04-18,NVDA,84.15253102172822,85.70465784290002,82.19526160443596
2024-04-19,AAPL,165.01773800890678,166.59869810506848,163.71685539182644
2024-04-19,AMZN,179.1554890692359,181.0576400340713,177.5764577037799
2024-04-19,GOOGL,154.9821697891307,156.49719236880662,153.47976430172915
2024-04-19,MSFT,397.22665141303526,400.96669505841345,394.6309285993024
2024-04-19,NVDA,84.29122005077008,86.06009646787706,82.81949862827422
2024-04-22,AAPL,163.0109864483717,164.1784467231911,161.44100778489278
2024-04-22,AMZN,174.5168365198586,175.9591476275662,172.63319342804292
2024-04-22,GOOGL,152.86277707682044,154.03748965456074,151.29004074931234
2024-04-22,MSFT,390.3747913441606,393.32698196006476,387.55535507676905
2024-04-22,NVDA,75.96332394731853,79.17368030167555,74.40714589233015
2024-04-23,AAPL,163.87448990419404,165.15521884383566,162.62265040017132
2024-04-23,AMZN,177.60565519408937,179.23049290408852,175.6763590765824
2024-04-23,GOOGL,155.38288344995277,156.74683936317496,153.860768644421
2024-04-23,MSFT,394.2259980850784,396.8065484614105,390.7242077375835
2024-04-23,NVDA,79.65713841741588,81.05712642978848,77.73842556571776
2024-04-24,AAPL,164.0305742726672,165.44043620304998,162.60080207960448
2024-04-24,AMZN,178.7298887819727,180.62833203221322,176.81356828170766
2024-04-24,GOOGL,156.5995143836005,158.04815776279585,154.75028589910477
2024-04-24,MSFT,399.5644538960951,402.9269216324695,396.07200661217854
2024-04-24,NVDA,81.95840017548896,83.88823721657823,80.31256332754701
2024-04-25,AAPL,166.99850943302903,168.26288691265773,165.63419146297946
2024-04-25,AMZN,175.7281877551218,177.74671695293804,174.17132678742476
2024-04-25,GOOGL,157.85379972305162,159.49538831913833,156.41920824679167
2024-04-25,MSFT,400.98323613355905,404.82208418555183,398.41397096526725
2024-04-25,NVDA,79.04839976031731,81.10551441514326,77.59662679163003
2024-04-26,AAPL,168.47763080416803,170.14944670055968,167.26306693339012
2024-04-26,AMZN,174.45244564616186,176.73367664327588,172.33249439523675
2024-04-26,GOOGL,155.48023593825218,157.01574994940273,153.6140920259452
2024-04-26,MSFT,393.6123461552418,397.37280320561774,390.53839923376944
2024-04-26,NVDA,82.8086078077801,85.00719950982132,81.07504676615123
2024-04-29,AAPL,167.19781553575297,168.26208701996944,164.99038122375177
2024-04-29,AMZN,179.46576932234467,180.9723536960274,177.15537902479386
2024-04-29,GOOGL,175.54172591970962,176.59120960149855,173.27605513897316
2024-04-29,MSFT,398.2292234914184,399.9170705211018,393.7146766089727
2024-04-29,NVDA,87.82366454448955,89.42274473185743,85.57710711779706
2024-04-30,AAPL,171.19001763514603,172.74683199339378,169.5492889478014
2024-04-30,AMZN,180.15734455446986,181.86489340402997,177.50318323432987
2024-04-30,GOOGL,165.2738293616679,167.09372361134348,163.26149060301708
2024-04-30,MSFT,393.7027717281848,396.76896777036757,389.79634566361506
2024-04-30,NVDA,87.88937704360633,89.57820168723038,85.74993342334596
2024-05-01,AAPL,168.37449470756408,169.11847295640234,166.35955030572026
2024-05-01,AMZN,174.86674999045218,176.88751308702646,172.21329594955264
2024-05-01,GOOGL,161.38742555498652,162.71830754495332,159.01363451645256
2024-05-01,MSFT,381.6219611356746,384.6071751296858,376.97527606350167
2024-05-01,NVDA,86.97938911240618,87.8454403695625,84.43327494722006
2024-05-02,AAPL,167.48146258188632,168.90282811465653,166.09697474335016
2024-05-02,AMZN,178.48963366738187,180.93126193863588,176.50946744340402
2024-05-02,GOOGL,161.8168250001617,163.59912154455097,159.94074959549783
2024-05-02,MSFT,385.9236596850599,389.80104856150484,383.66801127290074
2024-05-02,NVDA,82.61950954126513,84.497161208345,80.75549009880204
2024-05-03,AAPL,171.39195867006995,173.03449496551653,170.28022055122094
2024-05-03,AMZN,186.01406174861998,187.99600952139278,184.03532974378857
2024-05-03,GOOGL,165.9932811710622,167.78756457312235,164.29243442553465
2024-05-03,MSFT,390.6133313541295,393.8262118482687,387.1254417167297
2024-05-03,NVDA,86.1535766789079,87.84680015325775,84.34622913290654
2024-05-06,AAPL,182.12165188212646,183.57609216119232,180.42518272769718
2024-05-06,AMZN,186.53988000824057,188.61947977417347,184.0750154244258
2024-05-06,GOOGL,166.5595821160339,168.109028984154,164.56606112124797
2024-05-06,MSFT,398.5666921833405,401.9862119015797,395.8764544552254
2024-05-06,NVDA,88.63817302821873,90.25790610456818,86.49473297684347
2024-05-07,AAPL,179.4268651940984,180.66196106362705,177.60909194985146
2024-05-07,AMZN,188.1619247345554,190.0175666429022,185.5473307702584
2024-05-07,GOOGL,166.34511985324164,167.78733801807195,164.40553869509492
2024-05-07,MSFT,405.9998348965087,409.27834960314374,402.26229800439773
2024-05-07,NVDA,92.03742464998841,93.20677805939727,89.8312164650066
2024-05-08,AAPL,180.49456887834054,182.5004639121265,179.32231346103575
2024-05-08,AMZN,188.3604893187624,190.46099523056486,186.1736002597253
2024-05-08,GOOGL,169.8142020387434,171.4686975176293,167.91087038261364
2024-05-08,MSFT,401.9530175286816,405.747093450748,399.0773418265548
2024-05-08,NVDA,90.64740431105021,92.2881375445307,88.6353814982051
2024-05-09,AAPL,179.92115396246407,181.37984825106312,178.20986744720526
2024-05-09,AMZN,187.13535318101847,188.79277346308757,184.81217181344252
2024-05-09,GOOGL,167.8545548521601,169.13718505143513,165.70019073233368
2024-05-09,MSFT,401.7914576155375,404.6384751345638,397.94751843655376
2024-05-09,NVDA,89.75260032353818,91.22008252032565,87.72974012417521
2024-05-10,AAPL,182.78041392576932,184.58525296608602,181.41005814194955
2024-05-10,AMZN,189.7977923440141,191.69410676692473,187.59208983461792
2024-05-10,GOOGL,168.83418667115308,170.10681749402326,166.99062386649786
2024-05-10,MSFT,404.89571202246213,407.9516056509144,401.88093886278364
2024-05-10,NVDA,88.3307844759207,89.81247153599641,86.65076007552369
2024-05-13,AAPL,181.75191955788688,183.2946887836916,180.41824500154888
2024-05-13,AMZN,187.66921029801858,189.6534247743763,185.81359566657414
2024-05-13,GOOGL,167.71291484646466,169.32807774178397,166.0883046216987
2024-05-13,MSFT,407.2851172519817,410.6349248165992,404.2920201368561
2024-05-13,NVDA,89.93430573692623,91.5903414596799,88.3756350052876
2024-05-14,AAPL,185.60994944187198,187.2411808121999,184.34490398047956
2024-05-14,AMZN,186.66089330155694,188.54397500679985,184.97344326240898
2024-05-14,GOOGL,168.06227734090558,169.2375128532676,165.62513753983467
2024-05-14,MSFT,407.7982193232185,410.722141484734,404.76889406118806
2024-05-14,NVDA,90.31119623449008,91.49714833376888,88.82645719829677
2024-05-15,AAPL,186.92926260715922,188.74745686257262,185.71133010762756
2024-05-15,AMZN,188.14037175923067,190.1411310667869,186.11899114609622
2024-05-15,GOOGL,169.79810106765296,171.3166517067368,168.1043441052372
2024-05-15,MSFT,411.00886429643066,414.5543351099156,408.1113475754208
2024-05-15,NVDA,92.07849008111282,93.73676085918927,90.31018234634247
2024-05-16,AAPL,188.10672220765596,190.00179948377192,187.24998758261566
2024-05-16,AMZN,185.70408390417208,187.59522479463175,183.97453293389614
2024-05-16,GOOGL,171.47005079045175,172.78915852714454,169.41892306712643
2024-05-16,MSFT,415.5848314188411,419.0852905179634,412.9572449708989
2024-05-16,NVDA,94.33819543906395,95.89270415896682,92.66432940013691
2024-05-17,AAPL,188.65413448589723,189.916886112604,187.2345821786168
2024-05-17,AMZN,183.98207603698657,186.29107447165092,182.25788651683746
2024-05-17,GOOGL,173.00645985034018,174.09267378273805,170.9816688375646
2024-05-17,MSFT,415.06457053063315,418.30289645287553,412.3696016420075
2024-05-17,NVDA,94.21839119804051,95.39710457953365,92.57795868638506
2024-05-20,AAPL,187.8787772105292,189.22079890891226,186.0806419796529
2024-05-20,AMZN,184.41602051225283,185.79320841000714,182.13383053869524
2024-05-20,GOOGL,174.58671694285738,175.62872703902707,172.20232496430663
2024-05-20,MSFT,412.710938532306,414.9177219489554,408.8828714723184
2024-05-20,NVDA,92.41015716593317,93.78429512698231,90.65271105965049
2024-05-21,AAPL,190.07828364946826,191.7651433378548,188.51163309423546
2024-05-21,AMZN,183.64075733842841,185.73961274423243,181.78701933761184
2024-05-21,GOOGL,176.54647964163433,177.9975441792401,174.67780617860822
2024-05-21,MSFT,419.984160334733,423.2537477532435,416.57997045792814
2024-05-21,NVDA,95.10672133272165,96.78222704599524,93.15805619143637
2024-05-22,AAPL,191.42907194515504,193.2979219029501,190.1004686979661
2024-05-22,AMZN,183.5459429945383,185.494673750433,181.66770284259857
2024-05-22,GOOGL,176.98388130572516,178.60566098018973,175.39806945642763
2024-05-22,MSFT,424.5300925889111,428.5265475508523,422.0630513805972
2024-05-22,NVDA,95.84768628855575,97.43802903877473,94.09209929398945
2024-05-23,AAPL,189.1859573984341,190.9215872748242,187.86665242042665
2024-05-23,AMZN,183.24454539739637,184.73130490877057,181.34600865501824
2024-05-23,GOOGL,174.74304018899107,176.03673796205882,172.96051873985172
2024-05-23,MSFT,424.8615905112895,427.94720685213383,421.587386199286
2024-05-23,NVDA,95.51927170880269,96.64909666227115,93.60942137427263
2024-05-24,AAPL,184.96279768087757,186.2980339178921,183.29856447219657
2024-05-24,AMZN,180.93444781642702,182.47856168579062,178.88806175602826
2024-05-24,GOOGL,172.53203343125583,174.1337178180256,170.77213726528132
2024-05-24,MSFT,421.2897761439632,424.1098866534251,417.5893566479646
2024-05-24,NVDA,104.9675344093434,106.44774252873557,102.7661944570832
2024-05-28,AAPL,187.5514998334027,188.856298028994,185.4737822492049
2024-05-28,AMZN,180.12832398882594,181.5377452582271,177.8096663346947
2024-05-28,GOOGL,172.2869144797288,173.3527223750897,170.07875007207414
2024-05-28,MSFT,421.4282453852478,423.8296721590148,417.39749309187044
2024-05-28,NVDA,106.5353541831073,107.75911541473188,104.20028080926413
2024-05-29,AAPL,188.06849401470666,189.9723395683688,186.89180283582712
2024-05-29,AMZN,181.22548683614477,183.11408832297408,179.71431722562792
2024-05-29,GOOGL,174.08565855841084,175.80812643624586,172.46775244451237
2024-05-29,MSFT,422.95284909885515,426.82338887720107,420.3376004466124
2024-05-29,NVDA,114.86130642437293,116.87664582444478,112.61868805262056
2024-05-30,AAPL,188.7209927870352,190.0205148108562,187.32134691155025
2024-05-30,AMZN,181.72103403162612,183.22535771230793,179.92880702437915
2024-05-30,GOOGL,174.29722129832058,175.56427508118483,172.50398649758964
2024-05-30,MSFT,422.11124354547997,424.53061937353806,417.8870900733858
2024-05-30,NVDA,115.56617379985644,117.06337949690901,112.60081731284849
2024-05-31,AAPL,189.40967959971275,190.96713584383656,187.71779133156062
2024-05-31,AMZN,179.72297204157695,180.98772308969237,177.5921150145084
2024-05-31,GOOGL,170.4485946662991,171.45961360762206,168.3795258082658
2024-05-31,MSFT,409.4743764805957,412.2189868565181,405.3955396598934
2024-05-31,NVDA,111.33623075547,113.28743263233743,108.57870760626898
2024-06-03,AAPL,191.12560149610664,192.8615836371773,189.80684998721136
2024-06-03,AMZN,175.57107226064585,177.23274673301614,173.9471149719941
2024-06-03,GOOGL,170.74677968788552,172.23554806855492,169.03428944482192
2024-06-03,MSFT,406.96698064639,410.2089965559383,402.6607896654897
2024-06-03,NVDA,110.65085824970214,112.69370947093601,108.14184985321683
2024-06-04,AAPL,192.54747857581552,193.88624883212628,190.93717920676514
2024-06-04,AMZN,177.87292103801693,179.5085920887247,175.94496188547092
2024-06-04,GOOGL,171.58115063461207,172.6288667232248,169.45985637652905
2024-06-04,MSFT,405.537255800315,408.63620730468796,401.751126476633
2024-06-04,NVDA,115.27620236371028,117.17431565593674,112.77765725144936
2024-06-05,AAPL,192.73444044103903,194.18405475409503,191.1584654566081
2024-06-05,AMZN,178.44826282765067,180.1780814320759,176.60534698750976
2024-06-05,GOOGL,171.61658330404074,172.97793373288292,169.88919929191763
2024-06-05,MSFT,407.83723764110033,410.8351730131702,404.06474113687415
2024-06-05,NVDA,117.72885725186897,118.64892659553396,114.83655970629117
2024-06-06,AAPL,195.4283096975037,197.13316155316792,194.15522157554318
2024-06-06,AMZN,180.73086692744496,182.3278823577945,179.11416586203305
2024-06-06,GOOGL,174.58787587378265,175.834818352751,172.35249574803836
2024-06-06,MSFT,417.18488372814585,419.733080989957,413.3701236479351
2024-06-06,NVDA,123.11969172193164,124.89957565459589,120.17514479468072
2024-06-07,AAPL,192.3035525804945,193.31030928620038,190.48914952710453
2024-06-07,AMZN,184.68719877085294,186.28197820428528,182.5963597989125
2024-06-07,GOOGL,174.70962370775376,176.09672416038416,172.64345286277793
2024-06-07,MSFT,415.91180306768496,418.69165660717584,410.8606557588364
2024-06-07,NVDA,121.05600263618454,123.4428579372303,118.06630285029173
2024-06-10,AAPL,195.54769264118246,196.82248463827924,193.7844765336224
2024-06-10,AMZN,184.0719992668759,185.81187077975636,181.83093129984567
2024-06-10,GOOGL,172.54756676517115,174.38626607828587,171.0297744306071
2024-06-10,MSFT,416.293063569668,419.055407213774,412.5966935728096
2024-06-10,NVDA,120.87553959427538,122.91224406272437,118.12255909235168
2024-06-11,AAPL,191.799561128027,193.84677090359133,190.36281449697893
2024-06-11,AMZN,187.68936722052044,189.1423596624848,185.48840627980064
2024-06-11,GOOGL,174.2830240318672,175.84396189827754,172.5849143009932
2024-06-11,MSFT,422.5509667398408,424.86808310935015,418.65075784439676
2024-06-11,NVDA,122.28820117869726,124.1393879460991,119.18236518661966
2024-06-12,AAPL,206.66122134684633,208.54243447695902,201.79556040498196
2024-06-12,AMZN,187.00343206870372,188.38961960658528,184.60607545691184
2024-06-12,GOOGL,174.6095295334045,176.442629841653,172.65432343617047
2024-06-12,MSFT,422.8722766657712,425.2691508244679,418.8837801213398
2024-06-12,NVDA,121.4133195565029,123.31642005632817,117.33361516340261
2024-06-13,AAPL,211.33138283234132,213.30642826547952,209.2190004142842
2024-06-13,AMZN,186.58607821930616,187.99278197001587,184.39137063115297
2024-06-13,GOOGL,176.55959889199153,177.80808323341492,174.39043698181138
2024-06-13,MSFT,435.19201666446827,436.94261361428505,430.678647823922
2024-06-13,NVDA,126.24925579468622,127.96113620810654,122.93979984937742
2024-06-14,AAPL,212.9832106473158,215.3941495200075,210.7815774507265
2024-06-14,AMZN,182.9133610510644,184.9900773798661,181.3207526214845
2024-06-14,GOOGL,173.11564860932907,174.69942193433448,171.68184099414648
2024-06-14,MSFT,434.2811373771577,437.1186180092193,430.5522871794117
2024-06-14,NVDA,130.5937368193287,132.31118307699316,127.72400125858867
2024-06-17,AAPL,211.2177263518551,213.1452612355983,209.06504296343346
2024-06-17,AMZN,183.14736011327093,184.60867792806698,181.0698414719151
2024-06-17,GOOGL,174.97986735344364,176.2251783311435,173.06501334950448
2024-06-17,MSFT,435.95901363150375,438.2521470343319,431.32656602745516
2024-06-17,NVDA,132.42738918902046,134.17751876110847,129.2554337463331
2024-06-18,AAPL,216.051147194382,218.10506172620347,213.8491522033842
2024-06-18,AMZN,184.8281529941547,186.2970628246159,182.85535631285074
2024-06-18,GOOGL,176.598277606259,178.01709411648508,174.65339833617557
2024-06-18,MSFT,443.9133493413143,446.7445026434966,439.9883750599627
2024-06-18,NVDA,132.75685789706907,134.55581885579355,129.78338118113385
2024-06-20,AAPL,212.1403118274429,214.23863316319702,209.50919130758246
2024-06-20,AMZN,182.08605113353187,183.48971773154042,179.85747249513363
2024-06-20,GOOGL,172.6917294323014,173.87647665130208,170.64683035203163
2024-06-20,MSFT,438.8843558598199,441.03332570552544,434.2220738304906
2024-06-20,NVDA,136.5887453468416,137.9435797863786,133.1057186352024
2024-06-21,AAPL,208.2446755074795,209.36196715726413,205.35675233244027
2024-06-21,AMZN,183.90840586294286,185.20548241471423,181.67600792524456
2024-06-21,GOOGL,174.3645861069214,175.58218147979267,172.10163639036097
2024-06-21,MSFT,438.7288966170632,440.93834690844034,433.3188402931236
2024-06-21,NVDA,130.36938758812835,132.01789032567297,126.76601000521694
2024-06-24,AAPL,204.6637906855971,207.2006909033782,202.7699374607048
2024-06-24,AMZN,189.1231116890747,190.09584457436608,187.00875166349994
2024-06-24,GOOGL,178.3101125963751,179.3563347595438,176.2695314887219
2024-06-24,MSFT,443.45307824537576,445.02693867497953,439.215797731413
2024-06-24,NVDA,127.02173054512231,129.10493928276887,123.94530572990207
2024-06-25,AAPL,206.76329723921722,208.21601381938825,204.16231421277757
2024-06-25,AMZN,185.74865152066164,187.12231462305292,183.26515671352522
2024-06-25,GOOGL,178.35117601635937,179.0567330523774,175.80613498208172
2024-06-25,MSFT,441.4397249796247,442.32447313034885,435.5340596828385
2024-06-25,NVDA,119.69716010436835,122.11984873079473,116.68110953561103
2024-06-26,AAPL,206.98422988903343,209.27807860567216,204.87996381020344
2024-06-26,AMZN,186.1973861383667,187.32613511221498,183.77333970315883
2024-06-26,GOOGL,183.4457525929682,184.6171720180793,181.08299364373656
2024-06-26,MSFT,444.5315740549276,446.0469260641337,439.48315562850036
2024-06-26,NVDA,126.53243468488115,129.22479348458566,123.4860505866874
2024-06-27,AAPL,211.90409726998982,213.80418097733977,209.4279910110664
2024-06-27,AMZN,194.5930677712371,195.95646430272546,190.79985311064786
2024-06-27,GOOGL,182.4262892079127,183.44639182762887,180.10973133641048
2024-06-27,MSFT,444.7547128548432,446.15633465303256,439.917074950168
2024-06-27,NVDA,125.34067082145296,127.4530717061808,122.13710641570268
2024-06-28,AAPL,212.9397943113263,215.21685870777364,211.17631674903333
2024-06-28,AMZN,198.8740254398501,200.92127180729125,196.99239585666493
2024-06-28,GOOGL,184.7513234902823,186.60582482326865,183.19779323093843
2024-06-28,MSFT,447.10258942732537,450.54325020275485,444.22350118678213
2024-06-28,NVDA,123.48660870854934,126.00660153062286,121.17909008246929
2024-07-01,AAPL,208.62491695195052,210.50414874036753,206.41282718873364
2024-07-01,AMZN,193.91926581766774,195.47816825651327,190.8555064218548
2024-07-01,GOOGL,180.98541880895596,181.84782507268187,178.82214310742876
2024-07-01,MSFT,440.79557068626684,442.8027881438551,436.1025780507587
2024-07-01,NVDA,123.8531756163081,125.93961920488,120.75005420469088
2024-07-02,AAPL,215.83866314667412,218.2380716532915,213.37236154950352
2024-07-02,AMZN,197.94508233795665,199.97073079093605,195.46021684000414
2024-07-02,GOOGL,182.1773485298429,183.36589522167174,180.14371681868565
2024-07-02,MSFT,450.50991117913117,453.57898546663756,445.66655737592424
2024-07-02,NVDA,125.30481067444168,127.66863235323731,122.23851528179819
2024-07-03,AAPL,218.75231888048629,220.62678267716544,216.07108867586012
2024-07-03,AMZN,199.84458522767895,201.61814348800687,197.17013483077963
2024-07-03,GOOGL,183.23977618403956,184.21347237603288,181.07308704331322
2024-07-03,MSFT,452.19261355089213,454.18386395279305,447.4130003714357
2024-07-03,NVDA,121.55831059587639,123.49740123985805,119.37739127871147
2024-07-05,AAPL,220.1797126881893,222.36746067249882,217.86043922623978
2024-07-05,AMZN,198.34672008206505,200.20269219373282,195.9201503035992
2024-07-05,GOOGL,184.57031770907116,186.04056822453683,182.77699307822934
2024-07-05,MSFT,455.26109595626025,457.7235729242209,450.8899379220077
2024-07-05,NVDA,128.9894190150511,130.86571627505677,125.44551612655718
2024-07-08,AAPL,225.60414456685507,227.7849219042664,223.0906969961734
2024-07-08,AMZN,200.81088795841455,202.81881635895212,198.27611971733668
2024-07-08,GOOGL,190.13575424974354,191.42565650882116,188.032747611007
2024-07-08,MSFT,462.360549729441,464.5538974524772,457.53480228444914
2024-07-08,NVDA,126.3101806724819,128.2970235454305,123.58807863197181
2024-07-09,AAPL,227.0611049918386,229.26273040125875,224.42587539407452
2024-07-09,AMZN,199.454694839977,201.17428904360204,197.28826434875103
2024-07-09,GOOGL,188.10154146494202,189.23373596314838,185.93684391251918
2024-07-09,MSFT,460.3227091878871,462.49102124077774,455.88265881071356
2024-07-09,NVDA,128.6611181109362,130.87590267233628,126.14000998287621
2024-07-10,AAPL,227.48130826936784,229.54186095941625,225.37296736077636
2024-07-10,AMZN,199.4883153834494,201.32048179959628,197.39809966081583
2024-07-10,GOOGL,187.23857566731223,188.71153257157033,185.44666090600194
2024-07-10,MSFT,451.91593190746113,455.2495360871941,447.87444174807774
2024-07-10,NVDA,132.72582944193402,134.85989649105616,129.4381096030639
2024-07-11,AAPL,231.81727108301982,233.8048866223195,229.5070790789743
2024-07-11,AMZN,200.33472590328108,201.70442053530442,197.98410884344804
2024-07-11,GOOGL,190.46095810549684,191.7688290462269,188.32473493706885
2024-07-11,MSFT,459.5139493992284,462.23924603889174,455.5459014139514
2024-07-11,NVDA,135.67562820544435,137.88044473439916,132.69227135550278
2024-07-12,AAPL,226.58584118373182,228.29450711386025,223.5928481828081
2024-07-12,AMZN,194.91883846024768,196.2263456932586,192.6546432728359
2024-07-12,GOOGL,184.45566158927312,185.65530966361246,182.09526205218972
2024-07-12,MSFT,448.20740249368697,450.0020569620112,442.91886765463255
2024-07-12,NVDA,127.1799140790073,129.27177488378416,124.27912205543409
2024-07-15,AAPL,229.7948046507903,232.23469205489747,226.81197176603487
2024-07-15,AMZN,193.87250515543892,195.49888128837674,192.30644167795109
2024-07-15,GOOGL,183.03119942463925,184.60248489893095,181.5522169403323
2024-07-15,MSFT,445.5413755570041,448.0727108834851,442.25506971103135
2024-07-15,NVDA,128.3296725404647,130.28742332435044,126.50311375821609
2024-07-16,AAPL,232.80565892259213,235.04793772228993,230.35172170375844
2024-07-16,AMZN,191.6134623088394,193.5686683365209,189.43519831476502
2024-07-16,GOOGL,185.14540723307493,186.59001212617272,183.3753207111152
2024-07-16,MSFT,445.4717132706848,447.92919388190336,441.23998475601195
2024-07-16,NVDA,127.33862924409436,130.05890679239022,124.84820470361895
2024-07-17,AAPL,233.66587907426234,235.66188069088597,231.15239977608192
2024-07-17,AMZN,193.32871624847806,194.88183959642348,190.43058636211828
2024-07-17,GOOGL,182.2798687882702,183.79330376189262,180.4610576778851
2024-07-17,MSFT,443.5266166481579,445.7575226277394,438.504656950321
2024-07-17,NVDA,126.28759900137885,129.11437257829567,123.40632542630628
2024-07-18,AAPL,226.79798664826583,228.48825820486488,223.51437141108644
2024-07-18,AMZN,187.7480151834185,188.93975162991737,185.20776759595702
2024-07-18,GOOGL,179.59986943442186,180.802455810409,177.53080761586193
2024-07-18,MSFT,436.01010378182775,437.7694377248893,431.51208534877856
2024-07-18,NVDA,116.2191279817276,118.5858870704889,113.40825719914508
2024-07-19,AAPL,222.72345234651064,225.1395868542237,219.89681659728979
2024-07-19,AMZN,182.78750478079772,184.89021917810697,180.5771817485062
2024-07-19,GOOGL,175.7883557453727,177.52514666830692,173.6505240872033
2024-07-19,MSFT,432.56386493764546,433.7773405601626,427.42482483149564
2024-07-19,NVDA,120.41364372598309,122.7555348932049,117.72381867182632
2024-07-22,AAPL,222.94813625250544,224.34189328841637,219.9234353301078
2024-07-22,AMZN,182.29408789382097,183.6117072471077,180.03090408528112
2024-07-22,GOOGL,176.42083203090291,177.57221135379973,174.28250089481648
2024-07-22,MSFT,429.9742228930993,431.8089841457604,425.17338487039444
2024-07-22,NVDA,117.68371628962407,119.22163125338895,114.87207908043827
2024-07-23,AAPL,222.02691601032342,224.08214330425778,219.42907176146934
2024-07-23,AMZN,181.78938640325902,183.6222531603955,179.58273185034724
2024-07-23,GOOGL,179.95793881858046,181.70913827749158,178.30717939139282
2024-07-23,MSFT,434.36014070148786,436.9044930675491,430.05012397459063
2024-07-23,NVDA,122.92825883838312,125.352105913786,120.2877339654527
2024-07-24,AAPL,222.7431383676245,224.54120727849948,220.77709523883854
2024-07-24,AMZN,186.62215853792054,188.8066074576898,184.67178461681254
2024-07-24,GOOGL,180.26945683564958,182.06652712678084,178.76422698820298
2024-07-24,MSFT,437.11122720330445,440.2543462249682,433.1056883648873
2024-07-24,NVDA,123.0168006217377,125.07716420285027,120.48679013255523
2024-07-25,AAPL,216.8568193768102,219.7540057843416,214.68730867223675
2024-07-25,AMZN,180.03519688457231,182.90596823885082,178.34526865445733
2024-07-25,GOOGL,170.6855045112282,172.94406098038095,169.23083005076214
2024-07-25,MSFT,421.40759677502365,425.90655156210255,416.8497619032654
2024-07-25,NVDA,113.43152955563309,116.84875264140649,111.6067587129715
2024-07-26,AAPL,215.0489337570989,217.28924757510816,212.56629477057228
2024-07-26,AMZN,178.78194664207996,180.66918414896753,176.76864003063523
2024-07-26,GOOGL,165.22363612956974,167.4064066280601,163.38203087236244
2024-07-26,MSFT,411.2788767358102,414.6470119201484,406.58485622391174
2024-07-26,NVDA,111.13606781880651,113.33188356582676,108.26640143256489
2024-07-29,AAPL,216.64657338501,219.3754469721822,214.37457270343452
2024-07-29,AMZN,182.36221113338442,184.55421330550067,180.2645790667134
2024-07-29,GOOGL,165.32128174730119,167.2006129717002,163.88410099490287
2024-07-29,MSFT,418.6256047550327,422.6079671643035,414.86831421693404
2024-07-29,NVDA,113.7052375516614,115.59930352547083,111.00650190903995
2024-07-30,AAPL,216.4058081248562,218.51653601526428,213.79227443058699
2024-07-30,AMZN,182.9366674953815,184.98924933405493,180.64399386460016
2024-07-30,GOOGL,167.43170772547373,169.0104736148172,166.0401834527321
2024-07-30,MSFT,418.65180771062757,422.4088498800611,415.15946631053754
2024-07-30,NVDA,109.95692121514924,112.23188242064433,107.42889993230712
2024-07-31,AAPL,216.56223924964647,218.9150877236259,214.24010549150174
2024-07-31,AMZN,181.1641171471332,184.0472740895364,179.50381371203193
2024-07-31,GOOGL,167.8477744197508,169.64601611642095,166.1124005551757
2024-07-31,MSFT,415.58335945584895,419.6485062948883,411.39178705559516
2024-07-31,NVDA,101.54809688714232,105.0613180570353,99.5024604701737
2024-08-01,AAPL,219.36167638726147,221.81008371021835,217.32574672858138
2024-08-01,AMZN,186.16968791037215,188.53535696655496,184.0574056930675
2024-08-01,GOOGL,169.98989413430303,171.71408257204726,168.31280573027934
2024-08-01,MSFT,411.0139202568029,414.98709450159834,407.3842572958716
2024-08-01,NVDA,117.86435373505803,121.19685950375424,115.54981383684184
2024-08-02,AAPL,216.47275081036491,218.14580803580566,214.07134562134172
2024-08-02,AMZN,183.9833601928373,186.20201338069728,181.78911614917772
2024-08-02,GOOGL,169.13804339124212,170.39055814340728,167.51152272774783
2024-08-02,MSFT,409.06079622196927,411.9537257972684,404.9543124653243
2024-08-02,NVDA,107.29503909265783,111.64860106660429,104.99501003749539
2024-08-05,AAPL,217.92117801991702,220.6103673123624,215.03316341864004
2024-08-05,AMZN,165.56787204377474,166.7986517788563,162.23465579349144
2024-08-05,GOOGL,164.7995443577958,166.07943755024337,162.6432140148349
2024-08-05,MSFT,400.0565198839359,402.725644341156,394.5232799543495
2024-08-05,NVDA,106.00748909114127,109.1090144959323,102.694070425699
2024-08-06,AAPL,205.282624897997,207.89874778818867,200.39688069612947
2024-08-06,AMZN,159.5109478465207,161.50412294459707,155.66301716745735
2024-08-06,GOOGL,156.33035579372128,158.5134875264678,154.48963280508704
2024-08-06,MSFT,387.2232174579069,390.99228332451617,383.5218732549409
2024-08-06,NVDA,98.4499945788561,101.10950910373738,94.54956884501448
2024-08-07,AAPL,204.96270921764463,207.996363491817,202.62907427861708
2024-08-07,AMZN,160.57705356036004,162.87572274469187,158.13774718710482
2024-08-07,GOOGL,155.7186457893975,157.71814825959316,154.3336469143096
2024-08-07,MSFT,392.28472084624525,396.88258045787165,389.03581968468313
2024-08-07,NVDA,104.25471056583562,107.294712526332,101.49332958438808
2024-08-08,AAPL,205.83332203541858,208.35989416739363,203.32285999378507
2024-08-08,AMZN,161.0903991238421,163.55698711441045,158.3784366180826
2024-08-08,GOOGL,156.00722050386946,158.17287721505855,153.74519150904152
2024-08-08,MSFT,389.0003520106486,393.6440121957319,384.03287524091644
2024-08-08,NVDA,97.90607567721513,102.70425194084567,95.20712006921575
2024-08-09,AAPL,210.9508434227493,213.45451741182757,207.27176151338497
2024-08-09,AMZN,164.5438606582811,166.3314718615156,161.77440594130942
2024-08-09,GOOGL,160.042970801499,161.83289260061454,157.95313398611341
2024-08-09,MSFT,395.4440227346895,398.5879405294606,390.6818429100433
2024-08-09,NVDA,104.75516255493176,107.69942811014751,101.26710248168648
2024-08-12,AAPL,213.5346836106354,216.4127811802555,210.6822634250006
2024-08-12,AMZN,165.9710136672632,167.61893862954503,163.14435830654514
2024-08-12,GOOGL,162.12540386679083,163.8862942661907,160.89212420500297
2024-08-12,MSFT,397.64858417968185,401.066148248546,394.1007861228128
2024-08-12,NVDA,102.45650670242907,105.54514052426994,99.7128804473479
2024-08-13,AAPL,215.87257786122981,218.46626582630864,212.57439650755518
2024-08-13,AMZN,165.45586180755606,167.5622646124502,163.0435611171813
2024-08-13,GOOGL,160.55422687801124,162.2622527862407,158.45656528024364
2024-08-13,MSFT,397.9252781371721,402.16897767882415,393.8460548775462
2024-08-13,NVDA,108.88572645070147,111.67083168209065,105.84656072751253
2024-08-14,AAPL,218.41195189152796,220.97469907743337,214.7782273681356
2024-08-14,AMZN,169.36693833046496,171.5987999838516,166.72585670359862
2024-08-14,GOOGL,162.31341334568685,164.30613449252183,160.0976978563757
2024-08-14,MSFT,405.0819798563884,409.08277156041385,400.99949622979784
2024-08-14,NVDA,115.83431814601387,119.08680420326502,112.82883787167725
2024-08-15,AAPL,220.0677497875598,221.9534882478031,217.23802124752893
2024-08-15,AMZN,169.14571507154469,170.92365960865104,166.96774979768634
2024-08-15,GOOGL,157.4621329556721,159.08252316260214,155.67396319581198
2024-08-15,MSFT,410.1292268313331,413.0602844213315,406.2346386725658
2024-08-15,NVDA,118.27022346794202,119.91392152193997,114.81449485680695
2024-08-16,AAPL,222.67526549637404,224.8952181497422,218.99901402153307
2024-08-16,AMZN,178.0283051319509,180.05656512988133,175.08782221035463
2024-08-16,GOOGL,158.86777307723742,160.50041068783304,156.84466840350794
2024-08-16,MSFT,413.24912127526943,416.9540756187118,408.20827631746806
2024-08-16,NVDA,122.53971985839964,125.4669148560464,119.37451204019987
2024-08-19,AAPL,225.33559325385036,227.48787574848905,222.35543421166932
2024-08-19,AMZN,176.95063953434985,179.05773074909445,174.5667493025293
2024-08-19,GOOGL,161.67854910667532,163.34695569896127,159.7190234752737
2024-08-19,MSFT,412.16762967512875,415.2869530603796,408.5809759701388
2024-08-19,NVDA,124.32840527106436,127.0110707984395,121.06086108311918
2024-08-20,AAPL,224.1012560752368,226.4566628832592,221.39622726392838
2024-08-20,AMZN,177.99809929800725,179.93308470489924,175.2717872458741
2024-08-20,GOOGL,164.42571967275455,166.01314701130266,162.5898690299518
2024-08-20,MSFT,413.7820925999231,417.20247682062853,410.0221080752802
2024-08-20,NVDA,130.08958206568087,132.72091458607923,126.19913033935694
2024-08-21,AAPL,226.45622884008185,228.4056386516284,224.49973304976768
2024-08-21,AMZN,179.38942334321786,181.352021779849,177.81241213267066
2024-08-21,GOOGL,166.15822873472496,167.6508799302261,164.88765570959828
2024-08-21,MSFT,420.5941412439754,423.8298479363306,417.62607854922277
2024-08-21,NVDA,127.69551215241682,130.65251801259015,125.21040155698294
2024-08-22,AAPL,224.25337106078314,226.30095833443252,221.8028796504643
2024-08-22,AMZN,179.64756747969406,181.61663586138638,177.2052159528746
2024-08-22,GOOGL,164.00821616298052,165.7345050979338,162.21218085706943
2024-08-22,MSFT,417.5032254308526,421.0568405887914,413.49610376507013
2024-08-22,NVDA,128.34445833561023,131.05319089961168,124.74769234098663
2024-08-23,AAPL,221.41613054935547,222.83450862402373,218.6107628001441
2024-08-23,AMZN,175.35682753961424,177.5343331604321,172.9368579568595
2024-08-23,GOOGL,162.29199994201932,163.8762653540534,160.23979491780776
2024-08-23,MSFT,408.70170884894895,412.7626963617106,404.07703753202543
2024-08-23,NVDA,122.92248709773571,126.36998859558489,119.77938106097335
2024-08-26,AAPL,225.92408453623707,227.4470735776331,223.6333254636204
2024-08-26,AMZN,177.3706807477948,179.46929633158535,175.40801039954184
2024-08-26,GOOGL,164.72675063548377,166.28006609360358,163.31648276476017
2024-08-26,MSFT,410.7468186261763,413.9348765395086,407.15739989394285
2024-08-26,NVDA,129.9072747481177,132.10285223624714,126.58399080641581
2024-08-27,AAPL,225.77456872197158,227.32931503577404,223.134008271252
2024-08-27,AMZN,175.03658862132295,176.97742125501486,172.95977480882485
2024-08-27,GOOGL,164.86480684089184,166.0948335314106,163.10265593247647
2024-08-27,MSFT,406.79166928492145,409.98069380700935,402.95919161335934
2024-08-27,NVDA,125.53649511824311,128.77313877707707,122.46180789075149
2024-08-28,AAPL,227.0436333516476,228.67563006354203,224.99637510228766
2024-08-28,AMZN,173.2406193526273,174.80729337308586,171.4963681567743
2024-08-28,GOOGL,163.64848124448304,165.15890340332362,162.34655007398047
2024-08-28,MSFT,408.244106897333,410.71145612281356,404.9646882148323
2024-08-28,NVDA,129.32498277238412,131.62582782166368,125.99054036662858
2024-08-29,AAPL,224.6352649674036,227.1155228584478,222.56088715386878
2024-08-29,AMZN,170.07176214140307,172.44519911729762,168.0823729172715
2024-08-29,GOOGL,161.25268274957205,163.235066342511,159.9143561313076
2024-08-29,MSFT,404.0202327024202,408.0034163001249,400.8979273544684
2024-08-29,NVDA,124.71899597449715,127.51913024498405,121.91746366881087
2024-08-30,AAPL,229.70615290781413,231.70662407568318,227.40633971206302
2024-08-30,AMZN,172.1027742441139,174.39879238304258,170.33279729622456
2024-08-30,GOOGL,160.61581279881182,162.6340826318337,159.07532472196922
2024-08-30,MSFT,408.33432046832905,412.26941262585296,404.92253482766495
2024-08-30,NVDA,117.1193539353512,119.95821405536536,114.16888196688494
2024-09-03,AAPL,227.37052656205248,229.3516468141433,224.7908237055463
2024-09-03,AMZN,179.0099050204686,180.97773209893984,176.75319352010223
2024-09-03,GOOGL,161.80945616565825,163.70219999300105,160.45233791893983
2024-09-03,MSFT,411.6721087321493,415.34044918381676,407.8186049775092
2024-09-03,NVDA,118.8677668924115,121.64407000555279,115.52837175343048
2024-09-04,AAPL,221.30869205928633,222.78154234159413,218.16932414293515
2024-09-04,AMZN,176.77433536297102,177.72385287357193,174.04943632866235
2024-09-04,GOOGL,155.69887479209018,157.26238509898633,153.85439929240414
2024-09-04,MSFT,404.43915431313087,407.13869779537555,399.7743389200182
2024-09-04,NVDA,107.72950501459886,109.73786893352434,104.25781982845572
2024-09-05,AAPL,219.72199564019982,221.84860418182987,217.56952401275774
2024-09-05,AMZN,173.4692594206608,175.20357798055466,171.3493653613135
2024-09-05,GOOGL,155.1603843560648,156.6592531705182,153.38635886651292
2024-09-05,MSFT,402.51289762322625,406.31728198697476,399.0891789792141
2024-09-05,NVDA,105.05381990640365,108.15895161892306,102.8508952387166
2024-09-06,AAPL,220.74371818505574,222.85137164458195,218.11642096992952
2024-09-06,AMZN,178.119383697426,179.9230073438632,175.8214628255112
2024-09-06,GOOGL,155.6736942156965,157.29299948343834,154.30344277495493
2024-09-06,MSFT,402.515161425047,405.3589971885545,398.45436840748977
2024-09-06,NVDA,106.71037980522964,109.14332468337486,103.988452970797
2024-09-09,AAPL,218.60317014490124,219.9777401446486,215.6480440803336
2024-09-09,AMZN,170.7033903990423,172.61651027198403,168.07712363905694
2024-09-09,GOOGL,148.7359316961908,150.70709067539354,146.85826648907667
2024-09-09,MSFT,394.739413099547,397.1359247542572,390.2363306118619
2024-09-09,NVDA,101.8175153130855,104.418751087333,98.79357807863157
2024-09-10,AAPL,218.28943815715348,220.64327103455656,215.96032562387398
2024-09-10,AMZN,174.5668933456552,176.72436910760965,172.52602318561696
2024-09-10,GOOGL,146.413187912512,148.50291457825477,145.00076740281054
2024-09-10,MSFT,398.65445566657223,402.2068380356554,394.2607249015485
2024-09-10,NVDA,105.41889844378427,108.05116707648726,103.03018434152038
2024-09-11,AAPL,218.11253439258255,220.4782706899392,215.36622312186245
2024-09-11,AMZN,179.0212530237258,180.89166004514132,176.4243256841028
2024-09-11,GOOGL,146.73950766215827,148.71060902941423,145.17249848946267
2024-09-11,MSFT,407.579151517615,411.3826250745117,403.721163240825
2024-09-11,NVDA,107.61092246040688,109.9706275025032,104.89379482704987
2024-09-12,AAPL,219.9055973552936,221.31082933124497,216.30712793177673
2024-09-12,AMZN,184.04826984961312,185.02369100096354,181.63571936132755
2024-09-12,GOOGL,149.01666960769825,151.29492661102896,147.82022954878246
2024-09-12,MSFT,416.50718094748555,418.9247048012161,411.77900204418705
2024-09-12,NVDA,115.65458433309318,118.76529523593138,112.75108795531017
2024-09-13,AAPL,220.08962042134732,222.31713854189064,217.6663798572403
2024-09-13,AMZN,187.1360108552699,188.928275675756,184.38699825434554
2024-09-13,GOOGL,153.41878980699664,154.91429978457313,151.8958024220678
2024-09-13,MSFT,421.4554797285729,424.81679799286064,417.1953008179136
2024-09-13,NVDA,119.81926376199583,122.26935159746571,116.33508399670899
2024-09-16,AAPL,220.42200424257896,222.4185375189873,218.2831340296625
2024-09-16,AMZN,186.8439756546438,188.30542063920043,184.23062008043928
2024-09-16,GOOGL,156.38695385276463,157.92939773293725,154.77733401887406
2024-09-16,MSFT,424.95134052249716,428.48149024684324,420.50593038206404
2024-09-16,NVDA,118.50685034250117,121.18623610566728,115.37827264430354
2024-09-17,AAPL,214.72794176754408,217.05723569420414,213.13351412674712
2024-09-17,AMZN,185.60496191324435,188.04955601912937,183.54696438310754
2024-09-17,GOOGL,157.81582980415158,159.64907225026258,156.2503377159354
2024-09-17,MSFT,428.2738263184235,432.01039874652645,424.30422304439475
2024-09-17,NVDA,117.87673084893304,120.91893804903096,115.35722240404739
2024-09-18,AAPL,215.07310479677886,217.1913194679101,212.52418032248448
2024-09-18,AMZN,186.53810979401283,188.35829815485297,183.99580368109642
2024-09-18,GOOGL,158.01125996003583,159.73887105244978,156.2276752576745
2024-09-18,MSFT,428.6939420340658,431.6865140442962,424.5584185041689
2024-09-18,NVDA,115.54778412312058,117.9535148330081,112.50269543244252
2024-09-19,AAPL,219.01498385643683,220.48399746794718,216.12980557298792
2024-09-19,AMZN,186.38665836982378,187.82785168700335,183.40886111138863
2024-09-19,GOOGL,158.51401039595717,159.84984807389102,156.57739337124468
2024-09-19,MSFT,424.7642422343955,427.1448175298643,419.48652501494865
2024-09-19,NVDA,113.10658944485071,115.37047758635897,110.04349299797941
2024-09-20,AAPL,228.02641384627418,229.92710328500524,225.10143693822363
2024-09-20,AMZN,190.49362888584886,192.33199431308253,187.88157569603084
2024-09-20,GOOGL,160.97565897820553,162.65462911162874,159.5718008631719
2024-09-20,MSFT,433.2002515703861,436.45692742038057,429.3871205152317
2024-09-20,NVDA,117.89615218586357,120.19261654000185,115.15844650375492
2024-09-23,AAPL,227.2174772850205,229.8417006814911,225.0119280958177
2024-09-23,AMZN,191.8833980442149,193.93768375270133,189.77017859763748
2024-09-23,GOOGL,162.88179444299917,164.5847197427031,161.53077507759187
2024-09-23,MSFT,430.17394396805184,434.0843902363132,427.0576064068428
2024-09-23,NVDA,115.43005328494807,118.43893215150736,113.09983375736732
2024-09-24,AAPL,223.7178376729742,226.67487760624297,222.29656880579935
2024-09-24,AMZN,193.5797274474784,195.78296764175394,191.10527300249043
2024-09-24,GOOGL,159.89308412178553,161.4585012814359,158.75270494220595
2024-09-24,MSFT,427.06408457020973,431.23508529671204,424.27686216019424
2024-09-24,NVDA,115.89595669640894,118.72355870651602,113.26879565008464
2024-09-25,AAPL,226.63023326446708,228.66364106698552,224.35417195329507
2024-09-25,AMZN,195.0152523826496,196.90356061560675,192.53019736464626
2024-09-25,GOOGL,161.4007430667494,162.99466508128282,160.05968616579284
2024-09-25,MSFT,423.7591424533558,427.4597007034789,420.65871056388
2024-09-25,NVDA,121.77233747037465,124.14471258427125,118.74413059403665
2024-09-26,AAPL,224.7639343665826,226.85027873672044,222.5156209894817
2024-09-26,AMZN,192.92057065823218,194.67020866683234,190.5515291472193
2024-09-26,GOOGL,160.56794498751586,162.18475790049428,158.9598143351174
2024-09-26,MSFT,425.530231913189,429.0717090037412,421.84743187048684
2024-09-26,NVDA,124.06007975007036,126.62860719377032,121.1310452777644
2024-09-27,AAPL,226.61836981426535,228.66286657651798,224.30287620017864
2024-09-27,AMZN,191.75513026699295,193.6816221227828,189.45909806263506
2024-09-27,GOOGL,161.88185543526387,163.52169468443222,160.33025244548332
2024-09-27,MSFT,426.0853157949483,429.2280945403401,422.71864083175853
2024-09-27,NVDA,124.28312861607316,126.87780401192178,121.57271159690167
2024-09-30,AAPL,225.06962600288594,227.10441285140305,223.53050263078327
2024-09-30,AMZN,187.48864532735655,189.31115201180404,185.27151065340746
2024-09-30,GOOGL,162.41778928122517,164.31890094233805,161.44042104127436
2024-09-30,MSFT,420.3950975511496,423.7732349973598,417.6829243722515
2024-09-30,NVDA,120.58914614698921,123.04936255647078,117.37822597100686
2024-10-01,AAPL,232.04653215973966,234.02774839430583,230.0677662069358
2024-10-01,AMZN,187.23545760041608,189.1209065769835,185.25396405712218
2024-10-01,GOOGL,165.14932131579687,166.59418069598436,163.69407432269904
2024-10-01,MSFT,426.16144616393245,429.192102931246,422.7182625167866
2024-10-01,NVDA,122.52350611769107,124.31517779936804,119.61974349139433
2024-10-02,AAPL,224.77423719259664,226.91483893528348,222.59795417624483
2024-10-02,AMZN,184.510799432331,186.34155357035922,182.78301323211207
2024-10-02,GOOGL,166.96442431967253,168.68819059436242,165.49335131669864
2024-10-02,MSFT,415.25540758564205,419.3168594333652,412.6039896770388
2024-10-02,NVDA,116.68140252364455,120.05364003331077,114.66722159499035
2024-10-03,AAPL,225.80388663476342,227.67253448548533,223.0589609292699
2024-10-03,AMZN,184.84789182890307,186.56249141143394,182.99405419045712
2024-10-03,GOOGL,164.86983591499828,166.49079095876615,163.40775104780187
2024-10-03,MSFT,411.38400473168593,415.1064520805086,408.3832615316645
2024-10-03,NVDA,119.08861385109483,121.59955137865941,116.51903919330042
2024-10-04,AAPL,224.24897206088787,226.04275098430432,221.2955058793601
2024-10-04,AMZN,181.36414902018177,183.14707538789992,178.96765840225902
2024-10-04,GOOGL,164.51515387017568,165.964362695864,162.90823775925094
2024-10-04,MSFT,410.01749899822045,413.07596276905974,406.3086357046602
2024-10-04,NVDA,122.0955971469817,124.47255876248022,119.34290440937629
2024-10-07,AAPL,224.42246858487565,226.1578960284651,221.4567079661478
2024-10-07,AMZN,186.2725796435359,187.3965594786457,183.6459433322422
2024-10-07,GOOGL,165.06279056518767,166.80480882416288,163.67203260945936
2024-10-07,MSFT,408.34205737579936,410.6281556018381,404.6723741794494
2024-10-07,NVDA,124.31606150156198,126.26260917086118,120.90723658551121
2024-10-08,AAPL,220.50527744373693,221.17599416533355,216.9317601187454
2024-10-08,AMZN,180.73562047045021,181.88696270345804,178.1924763838558
2024-10-08,GOOGL,162.11796660922514,164.08046507117072,160.3541630668537
2024-10-08,MSFT,404.5158274619679,407.02361920064504,400.4742317315988
2024-10-08,NVDA,126.40619921624743,128.70032076460595,123.4112586005093
2024-10-09,AAPL,224.6341549022737,226.64985115178618,222.51411852876967
2024-10-09,AMZN,183.3634384396653,184.92554779941307,181.46188338436468
2024-10-09,GOOGL,163.7565247602866,165.187609555917,162.28983677822768
2024-10-09,MSFT,410.01427040927297,412.88796417216383,406.6622905135014
2024-10-09,NVDA,134.32562271058433,136.77801120377396,131.65902077115507
2024-10-10,AAPL,227.98484313875332,229.97403845811118,225.8299524523782
2024-10-10,AMZN,185.90788092049164,187.29218496025786,184.12618841626252
2024-10-10,GOOGL,160.7774377463202,162.81574560666436,159.30013404483446
2024-10-10,MSFT,410.93038834978654,413.80624115582305,407.61140496692695
2024-10-10,NVDA,133.04353996627984,134.56145024050934,130.2715515388174
2024-10-11,AAPL,227.9331501641437,230.0040703471574,226.023484124284
2024-10-11,AMZN,187.9402044798365,189.86876974225947,186.59512822627227
2024-10-11,GOOGL,161.73261636245317,163.48602510961965,160.64274817957306
2024-10-11,MSFT,412.50871616539683,416.0010006426809,410.27809351951845
2024-10-11,NVDA,137.0570855532437,139.0900852331651,134.2826821084462
2024-10-14,AAPL,227.20645641534838,229.5749830722241,225.26072244258646
2024-10-14,AMZN,189.5574312887837,191.8321734357665,187.7092498026058
2024-10-14,GOOGL,162.53629826097335,164.00579306037952,161.3716148031323
2024-10-14,MSFT,411.6070968777649,414.2032746869287,408.71602029644697
2024-10-14,NVDA,134.007381996357,137.3495873211873,131.69546132868027
2024-10-15,AAPL,229.57037291036863,230.92148414602588,226.7691260982008
2024-10-15,AMZN,186.7733472222559,188.3520335607161,184.6235617658262
2024-10-15,GOOGL,163.36487391749534,164.85892709894864,161.70755412588824
2024-10-15,MSFT,412.0339396685952,414.50684229821235,408.3770222256617
2024-10-15,NVDA,138.2013397912945,139.66197291410094,134.76982575435684
2024-10-16,AAPL,232.23571421793326,233.8896625145587,229.42543194640484
2024-10-16,AMZN,187.6039709906786,189.060913536076,185.40397159680666
2024-10-16,GOOGL,164.1899948338648,165.55530221539996,162.36471035742315
2024-10-16,MSFT,412.2443939641345,414.89661645320245,408.628150785207
2024-10-16,NVDA,130.946443610381,133.6592420328429,128.4188031107423
2024-10-17,AAPL,229.8838093271672,231.7316016329649,227.4736579463233
2024-10-17,AMZN,186.76133148096483,188.6925055644915,185.0091274532457
2024-10-17,GOOGL,163.7454026029698,165.78256600427562,162.43418289970705
2024-10-17,MSFT,411.1426855593354,414.47775499683036,408.13671446903203
2024-10-17,NVDA,137.55127210168672,139.41306452317278,133.7253240422941
2024-10-18,AAPL,230.66215981933235,232.17810019336662,227.93671517476693
2024-10-18,AMZN,188.3619395015021,189.7064164191562,185.38356074923774
2024-10-18,GOOGL,161.96949574382992,163.3694721664493,160.40993952476288
2024-10-18,MSFT,410.88418745219514,413.298703445086,407.0227102123264
2024-10-18,NVDA,136.40211127238732,138.4994450591374,133.10512503764429
2024-10-21,AAPL,233.73198586664859,235.52893246497217,231.53491882023783
2024-10-21,AMZN,189.24310581531495,191.01456003153814,187.25676832516095
2024-10-21,GOOGL,162.1732990364986,163.82269281535864,160.81042642584424
2024-10-21,MSFT,411.8526896727699,414.9144015686627,408.1425258942994
2024-10-21,NVDA,138.39322071271172,141.17095894256263,135.95167798896165
2024-10-22,AAPL,235.77858030028037,237.7881550725904,234.22540116189427
2024-10-22,AMZN,189.72102069418065,191.32874528130958,187.25392734790512
2024-10-22,GOOGL,162.90730851385936,164.5750202888983,161.80524078850868
2024-10-22,MSFT,413.08224838303363,416.5303640208485,410.2426909651941
2024-10-22,NVDA,144.1802170804904,146.89679635406836,141.01808077398164
2024-10-23,AAPL,234.17353207690175,236.57266316948966,231.7919348174539
2024-10-23,AMZN,189.77186616708593,191.8089480439737,187.7426397264718
2024-10-23,GOOGL,163.9266108998606,165.9779805311858,162.88565546988187
2024-10-23,MSFT,422.5480072538815,426.8000996795865,418.8848528605973
2024-10-23,NVDA,143.67545840136953,147.0665081614168,140.721629336394
2024-10-24,AAPL,228.08576958242173,230.25492819922454,225.6612365940866
2024-10-24,AMZN,183.77769254018716,185.65504191705784,181.1779715559919
2024-10-24,GOOGL,161.31082561648083,162.64508052264884,159.74481562419652
2024-10-24,MSFT,418.346703849409,421.02781377754167,414.18877939882645
2024-10-24,NVDA,139.67145227021425,141.95983920955987,136.3259743618034
2024-10-25,AAPL,227.64291439003202,229.14420803768294,225.33282653787754
2024-10-25,AMZN,185.0870021746759,187.1292458799643,183.0813468824471
2024-10-25,GOOGL,160.6921286375383,162.2036461578381,159.23391200355005
2024-10-25,MSFT,416.8870020547051,420.4870931097338,412.7233215241135
2024-10-25,NVDA,137.56898534903107,140.7776282628226,135.34845889478328
2024-10-28,AAPL,229.6354650779852,231.28990309759223,226.99359884028982
2024-10-28,AMZN,187.4301847129001,189.23110178690413,185.08257963247857
2024-10-28,GOOGL,164.2363172337234,165.35471276601146,162.65124614160797
2024-10-28,MSFT,422.3141442831258,425.0416590127355,418.9816657593131
2024-10-28,NVDA,141.4228455993166,143.77282469963365,138.61232164921626
2024-10-29,AAPL,231.868247076492,233.87865601475545,229.44760110740293
2024-10-29,AMZN,188.33399706055417,190.3830131422685,186.5694854226541
2024-10-29,GOOGL,165.56129181979114,167.36832849309593,164.19351382756597
2024-10-29,MSFT,420.438663690863,424.26382885651833,417.50723997222485
2024-10-29,NVDA,140.27807610810945,143.4014177105716,137.9245077967324
2024-10-30,AAPL,231.8504510624863,233.92088931099903,229.675900252147
2024-10-30,AMZN,191.05278685924927,193.10564833862625,189.09614791899315
2024-10-30,GOOGL,169.04717170317716,170.93391801885795,167.67425426606303
2024-10-30,MSFT,426.12113346420375,430.2629058058866,422.82978447974654
2024-10-30,NVDA,141.2501182864707,143.92826755063064,138.91111726363
2024-10-31,AAPL,227.97865425943908,229.34240814969607,224.8990331428685
2024-10-31,AMZN,191.0931287975171,192.25388000117837,188.0788471316319
2024-10-31,GOOGL,172.4461851895375,174.43326324130692,169.9636551372555
2024-10-31,MSFT,424.98487392154215,427.29504564256627,420.1217413017064
2024-10-31,NVDA,139.0527805279254,142.11582001839824,135.01818149150412
2024-11-01,AAPL,224.281582418577,225.58964967692742,221.46120286543365
2024-11-01,AMZN,186.1853401321098,187.5098116623656,183.92711001606872
2024-11-01,GOOGL,170.1321059280546,172.61088334517723,168.2599187036963
2024-11-01,MSFT,398.8837553302264,402.13319533407997,395.03005334225367
2024-11-01,NVDA,132.91612171375868,135.1291467126018,130.50064711203393
2024-11-04,AAPL,220.2164427295675,221.8135287444645,217.73861166025065
2024-11-04,AMZN,197.78864989703783,199.75956469487647,195.37305995286357
2024-11-04,GOOGL,169.71595060342568,171.54130511726174,167.9272524131268
2024-11-04,MSFT,402.1314212849585,405.01752930808397,398.3574731104002
2024-11-04,NVDA,133.61815306632656,135.7753814191572,130.91579943165843
2024-11-05,AAPL,220.2476536899533,221.85851800432795,217.96162208715344
2024-11-05,AMZN,194.84055474141812,196.79529741786047,192.782704094362
2024-11-05,GOOGL,167.92513593796636,169.79835087497216,166.3730514196375
2024-11-05,MSFT,400.96502447345,404.5118185460728,397.79303709635076
2024-11-05,NVDA,134.84847501267885,137.5806384629683,132.74271615849264
2024-11-06,AAPL,221.52267376495107,223.0434315640329,219.1453238291165
2024-11-06,AMZN,200.00299411878797,201.94513387556648,197.6199282171372
2024-11-06,GOOGL,168.575206171296,170.52734117140517,166.82687226318748
2024-11-06,MSFT,404.6505696565208,407.73667340465465,401.01590895200434
2024-11-06,NVDA,139.90275320638486,142.4091768816016,137.03627712310026
2024-11-07,AAPL,220.00051578119056,221.13241931701583,217.07883354858055
2024-11-07,AMZN,207.65031949532636,209.5490555243935,204.60762234768126
2024-11-07,GOOGL,176.2453983397496,178.2230505209533,174.66101628929357
2024-11-07,MSFT,413.9754385163803,417.4486062078492,410.37013913219687
2024-11-07,NVDA,146.002893153733,148.34382059411752,142.8058551667899
2024-11-08,AAPL,225.32486172861977,226.52330498343852,222.24550512703493
2024-11-08,AMZN,208.92718778141986,210.37431050403958,205.73197665468945
2024-11-08,GOOGL,179.3854237419122,181.05776324046542,177.18823043156178
2024-11-08,MSFT,416.6595884254559,419.48198529398366,412.1132312434679
2024-11-08,NVDA,148.71018539261397,150.58775009276295,144.95588653964734
2024-11-11,AAPL,224.6954046097965,226.64179006307984,222.99239990980527
2024-11-11,AMZN,207.56826151021446,209.26938902720738,205.08588911870206
2024-11-11,GOOGL,176.92544087182662,178.51647534570304,175.61441558073165
2024-11-11,MSFT,416.29262446293814,419.5569841173871,413.3431287191257
2024-11-11,NVDA,147.7504331514986,150.04260872609518,145.00009490438194
2024-11-12,AAPL,221.69802631925657,223.31155108352084,219.49263119771004
2024-11-12,AMZN,206.75665308411277,208.83969847924652,204.68550510967017
2024-11-12,GOOGL,180.18255117968434,181.5514027195625,178.10540521912435
2024-11-12,MSFT,411.68899173485863,415.57315087692035,408.4479871921654
2024-11-12,NVDA,145.16710903488482,147.8108652391803,142.85068643242056
2024-11-13,AAPL,222.8081588916215,224.45812982847227,220.75206417654013
2024-11-13,AMZN,210.65368204999723,212.67676316358006,208.18802750337903
2024-11-13,GOOGL,181.100761976706,182.96164475512268,179.79489830751757
2024-11-13,MSFT,417.2094516153158,421.2725004404101,414.63003149714854
2024-11-13,NVDA,149.0370366782007,152.00408498212386,146.09561291822033
2024-11-14,AAPL,223.44279987633914,225.2033900889751,221.17053517734368
2024-11-14,AMZN,214.84310827736618,216.86210935529783,212.2545323525293
2024-11-14,GOOGL,178.1782476899771,179.97420278368404,176.57045545161859
2024-11-14,MSFT,418.10879523450785,421.99533241191006,414.87474775583587
2024-11-14,NVDA,147.50693111553846,150.15065433415444,144.92976377229922
2024-11-15,AAPL,226.73499979441385,228.14657386911642,224.23791119033552
2024-11-15,AMZN,211.05541798391548,213.15461767904634,208.7997697889594
2024-11-15,GOOGL,174.4375241582157,176.20041940698965,172.732144297942
2024-11-15,MSFT,419.5058005211082,422.94859635273696,415.98307508308983
2024-11-15,NVDA,146.38314684012857,148.8126576582066,143.9983991770951
2024-11-18,AAPL,223.6726206131741,224.48000956871934,221.2004098910859
2024-11-18,AMZN,202.00785565990574,203.96305592774297,199.8562409918966
2024-11-18,GOOGL,171.36814337656972,172.7684211351653,169.61883669499662
2024-11-18,MSFT,409.483663724827,412.0391727308209,405.0002373976898
2024-11-18,NVDA,141.3072400044367,143.31721939999903,139.1523915828325
2024-11-19,AAPL,225.75223568857913,226.90859146900786,223.32429720683646
2024-11-19,AMZN,200.99040130755102,203.04910680484775,198.64618863225502
2024-11-19,GOOGL,173.71730801798407,175.3140236006235,171.95680102713177
2024-11-19,MSFT,408.2547141541745,410.3449609050889,404.0419697187365
2024-11-19,NVDA,139.14392557967167,140.66174593647006,136.88698142457258
2024-11-20,AAPL,226.61727593932218,228.58145080670593,224.58717911678332
2024-11-20,AMZN,204.4076625338268,206.856838916192,202.15668914797772
2024-11-20,GOOGL,177.30984302758233,179.1432502958744,175.62193101176368
2024-11-20,MSFT,411.1956522221365,415.2527145819646,408.00861402812075
2024-11-20,NVDA,147.53346096064843,150.55350636465772,144.73264675575146
2024-11-21,AAPL,228.52554692455945,230.42693164667114,226.02509068004375
2024-11-21,AMZN,203.9241504766701,206.01359635118615,201.15224342247984
2024-11-21,GOOGL,175.43218800896418,177.30910158255162,173.78612163248323
2024-11-21,MSFT,410.24549660644067,414.518864797337,406.7572140263839
2024-11-21,NVDA,147.263021119067,150.34531138429938,143.99953123734988
2024-11-22,AAPL,226.71725683291007,228.16610214833605,224.39135669579994
2024-11-22,AMZN,197.64078792381366,199.1857175694136,194.42971059573813
2024-11-22,GOOGL,165.97339674838517,167.3658983866427,163.9250289838882
2024-11-22,MSFT,407.423815317245,409.60700979071186,402.4659616388547
2024-11-22,NVDA,146.72131107372954,148.62347308615665,143.38075503148366
2024-11-25,AAPL,228.04876244902286,230.15217658823926,225.74061964595376
2024-11-25,AMZN,195.6098080746286,197.5675764136148,193.5006790709733
2024-11-25,GOOGL,162.97225951353326,165.05600033521026,161.74735351809207
2024-11-25,MSFT,410.9014449092999,414.90662060977684,408.3080239935625
2024-11-25,NVDA,141.31907410239992,144.62638047756386,138.46167682157136
2024-11-26,AAPL,230.79347606515876,232.24569285338393,228.31687909024444
2024-11-26,AMZN,200.89113171988336,202.45853842989166,198.0671393984899
2024-11-26,GOOGL,165.63193221488842,167.099595141519,163.64312337506232
2024-11-26,MSFT,412.2759892122317,414.9242811448006,408.5609263992425
2024-11-26,NVDA,134.64362776237317,137.90860231658002,131.93135318509394
2024-11-27,AAPL,233.83472282252816,235.34482954202298,231.42115990978203
2024-11-27,AMZN,207.82033716165037,209.9096060771174,204.98302171305383
2024-11-27,GOOGL,167.6348398388623,169.36699328161365,165.67204544536733
2024-11-27,MSFT,423.6303144053259,426.69217342290136,418.74662186498387
2024-11-27,NVDA,136.0137993530219,138.94784354486933,133.07654758620913
2024-11-29,AAPL,234.0820383245107,236.19447446846772,231.8932598743369
2024-11-29,AMZN,205.64283791638397,208.19869861281578,203.60574217635812
2024-11-29,GOOGL,167.8716473996355,170.36963562542712,166.3808217485989
2024-11-29,MSFT,418.0593535074051,422.12922793048176,414.9345684777619
2024-11-29,NVDA,134.390308366296,137.3378926611296,131.85648537576736
2024-12-02,AAPL,237.0474551625315,238.59499104659503,235.07574158789652
2024-12-02,AMZN,209.03519495950883,211.23696553476643,207.35664733921482
2024-12-02,GOOGL,168.08452673813986,169.9112612672576,166.773373555357
2024-12-02,MSFT,420.1426328584677,423.6337118285972,417.37442732259456
2024-12-02,NVDA,138.91703712596552,141.6004905702571,137.21584387086762
2024-12-03,AAPL,238.55239667660547,239.78689760694581,236.175184242245
2024-12-03,AMZN,211.26863247054172,212.90376691397572,208.47453643941122
2024-12-03,GOOGL,170.50004154658004,172.0772753823974,168.63361541813396
2024-12-03,MSFT,426.4375447721117,429.1065088824029,421.5780484242381
2024-12-03,NVDA,138.36974734123035,141.12771262424985,135.91810153040691
2024-12-04,AAPL,241.9932125996818,243.10769662712394,239.44190094808323
2024-12-04,AMZN,214.26654613535476,215.8725780253501,211.28160651093242
2024-12-04,GOOGL,170.82559324812743,172.23156999633528,169.04517966685367
2024-12-04,MSFT,427.1633774504002,429.60351965617014,421.9813248003951
2024-12-04,NVDA,140.67756055120543,142.7241145647794,137.78876499930684
2024-12-05,AAPL,240.70375797058767,242.20962745290285,238.03692277309995
2024-12-05,AMZN,218.19226632056143,220.13175989541156,215.07439998164847
2024-12-05,GOOGL,172.79331168677518,174.44614530323412,170.76604641379964
2024-12-05,MSFT,431.7643490080747,434.76255218301515,426.60119617387016
2024-12-05,NVDA,144.8573169407807,147.17753260059263,141.98481153450453
2024-12-06,AAPL,240.7043353432291,242.3049287231843,238.73597925996313
2024-12-06,AMZN,220.6350224139945,222.71653848636262,218.0966443000448
2024-12-06,GOOGL,171.38169378948209,173.85869653823647,169.90332051610673
2024-12-06,MSFT,436.83344888772683,439.93780278901704,432.7532398237437
2024-12-06,NVDA,144.47775281099317,146.86236650502318,141.66768747184358
2024-12-09,AAPL,240.83496358830297,241.9418852010791,238.20011185854477
2024-12-09,AMZN,228.2661565832908,229.70624203705938,224.8976519657187
2024-12-09,GOOGL,173.19069041891348,175.0573515217611,171.43093921545724
2024-12-09,MSFT,438.4477448578891,440.92709872588847,433.58544110320184
2024-12-09,NVDA,141.85010404843428,143.39228766774767,138.5446064166493
2024-12-10,AAPL,246.0485776483725,247.56641881440743,243.0356886801238
2024-12-10,AMZN,227.05308116812247,229.37679282077315,224.61578242976717
2024-12-10,GOOGL,174.76094603856592,176.3398151549364,172.83562484645134
2024-12-10,MSFT,442.2226346440559,445.2201113191865,437.4744064545361
2024-12-10,NVDA,138.02979995590434,140.63005058074506,135.32649952725185
2024-12-11,AAPL,246.5242560782425,247.37329892151732,243.14871197267993
2024-12-11,AMZN,226.12804143156038,227.35936146004212,222.80980849448184
2024-12-11,GOOGL,185.6095487735499,187.0754039319565,183.66504483787972
2024-12-11,MSFT,438.51393664677266,440.297002488433,433.2760405191976
2024-12-11,NVDA,134.9889262676438,137.46280032700176,132.1461137075628
2024-12-12,AAPL,245.44445760149557,246.04858816347075,242.3609817083404
2024-12-12,AMZN,232.25064349485547,234.3408539714689,229.80272038264405
2024-12-12,GOOGL,196.66611484200502,198.4784895642267,192.91371672470783
2024-12-12,MSFT,445.885761714998,448.6495859923252,441.770194779426
2024-12-12,NVDA,138.1989019695264,140.68717169306228,136.03985265995416
2024-12-13,AAPL,246.8248482622163,248.48079315896226,244.61911782347948
2024-12-13,AMZN,230.51026174270902,232.5260986386581,227.95859166065134
2024-12-13,GOOGL,191.85138450205815,193.28855370031368,189.14504985304868
2024-12-13,MSFT,447.55258873008825,450.40343643006247,443.282432712487
2024-12-13,NVDA,136.91734402418547,138.9756673070506,134.24809595552358
2024-12-16,AAPL,246.57315925452627,248.01243545120934,243.9275489227961
2024-12-16,AMZN,226.97316128641614,228.5062999092453,223.68174341961188
2024-12-16,GOOGL,188.4703797992028,190.11110724066393,186.16199903461626
2024-12-16,MSFT,440.8640340990175,443.5242517124664,436.08549091497827
2024-12-16,NVDA,133.2057593678092,135.47874989374134,130.50079773665166
2024-12-17,AAPL,250.18596093230948,251.50660043678036,247.85847775764347
2024-12-17,AMZN,233.37630245492676,235.47200055986846,230.4682608055008
2024-12-17,GOOGL,196.9286724151108,198.46827609948855,194.55525540845986
2024-12-17,MSFT,446.1583829841159,449.5347529377474,442.48718862933697
2024-12-17,NVDA,131.8985956337236,133.72190363945762,129.3991290626783
2024-12-18,AAPL,251.9961725141823,253.59762598472756,249.17305597083882
2024-12-18,AMZN,231.25269242859818,233.58140531699857,228.16981817180007
2024-12-18,GOOGL,194.4691568538741,196.81726528900316,192.0465131920617
2024-12-18,MSFT,448.9463040102281,452.53583275478695,444.68251825118125
2024-12-18,NVDA,129.4391471872134,131.9205609985958,126.66450952087801
2024-12-19,AAPL,246.58690493842116,246.81150037040348,242.6608784931635
2024-12-19,AMZN,221.682006022707,224.43627226507067,217.76112251057532
2024-12-19,GOOGL,189.0718768469968,192.01806123606042,185.79203458318239
2024-12-19,MSFT,432.9571953620163,436.1461756615825,426.28835230790514
2024-12-19,NVDA,126.66043161207249,128.66627010745478,123.78134752770218
2024-12-20,AAPL,248.2699171643397,250.1685164485779,245.929251730157
2024-12-20,AMZN,223.63959065275077,225.969830561821,220.72037298687033
2024-12-20,GOOGL,187.67429035958352,190.39326850317866,185.8071757071429
2024-12-20,MSFT,432.56128308139904,436.0031623068271,428.31356606000264
2024-12-20,NVDA,129.22568008659346,132.1685510425486,127.08444781133619
2024-12-23,AAPL,253.74223729209365,254.3966490321332,250.21991643815906
2024-12-23,AMZN,225.12890166324524,227.15986925443184,221.62744299663575
2024-12-23,GOOGL,192.23121576310106,194.5032388817152,189.5262909208873
2024-12-23,MSFT,431.60830639154165,434.8441771110025,426.69508639986134
2024-12-23,NVDA,135.58443191407372,137.2571736455057,131.9055333604633
2024-12-24,AAPL,253.54083965634857,254.94188627785354,250.54499953056776
2024-12-24,AMZN,226.20429722827467,228.20383323220838,223.31041587668614
2024-12-24,GOOGL,194.48891358796166,196.36314231459963,191.6366811825517
2024-12-24,MSFT,430.4191543411687,434.0709319584068,426.83340011851254
2024-12-24,NVDA,139.4052697121257,141.6848040181615,136.47820675759206
2024-12-26,AAPL,257.94163927849064,259.92035222453006,255.65089157086
2024-12-26,AMZN,229.6618575224531,232.27447899124905,227.28050976923896
2024-12-26,GOOGL,195.88021117073018,197.98079081360348,193.6687956001534
2024-12-26,MSFT,435.0666967709029,439.1988936786715,431.73671448787815
2024-12-26,NVDA,139.98845476796825,143.08578539578295,137.90958982585684
2024-12-27,AAPL,258.03370962961446,260.02189904526506,255.35517338522294
2024-12-27,AMZN,227.21826691857643,229.2892384975243,224.1383586648727
2024-12-27,GOOGL,194.7094014307364,196.51455031352427,192.43719619536634
2024-12-27,MSFT,432.3067529077238,435.6094542673272,427.92056558719884
2024-12-27,NVDA,140.54389164968126,142.89480927115736,137.19343099103338
2024-12-30,AAPL,255.2140457337469,257.2748313242821,252.8049538731053
2024-12-30,AMZN,224.6815575300124,227.11674577760323,222.441842374849
2024-12-30,GOOGL,192.29141735853062,194.73815923414804,190.2045585716607
2024-12-30,MSFT,426.6112783990691,431.04278252068,423.2070641228464
2024-12-30,NVDA,137.11019331542045,139.8987658951559,134.93182100790554
