timesteps,reward_train,reward_ext,reward_intrinsic,reward_surprise_raw,reward_surprise,reward_dejavu_raw,reward_dejavu,intrinsic_eta,intrinsic_time_decay,intrinsic_volatility_factor,intrinsic_surprise_loss,intrinsic_dejavu_loss,intrinsic_warmup,episode_reward_mean,explained_variance,value_loss,entropy_loss,approx_kl
20,-0.4207237958908081,-0.4207237958908081,0.0,0.0,0.0,0.0,0.0,0.0,0.0,0.0,0.0,0.0,False,,,,,
40,0.07938159257173538,0.07938159257173538,0.0,0.0,0.0,0.0,0.0,0.0,0.0,0.0,0.0,0.0,False,,,,,
60,-0.04512747749686241,-0.04512747749686241,0.0,0.0,0.0,0.0,0.0,0.0,0.0,0.0,0.0,0.0,False,,,,,
80,0.30881384015083313,0.30881384015083313,0.0,0.0,0.0,0.0,0.0,0.0,0.0,0.0,0.0,0.0,False,,,,,
100,0.21170967817306519,0.21170967817306519,0.0,0.0,0.0,0.0,0.0,0.0,0.0,0.0,0.0,0.0,False,,,,,
120,0.28523164987564087,0.28523164987564087,0.0,0.0,0.0,0.0,0.0,0.0,0.0,0.0,0.0,0.0,False,,,,,
140,-0.4717961549758911,-0.4717961549758911,0.0,0.0,0.0,0.0,0.0,0.0,0.0,0.0,0.0,0.0,False,,,,,
160,-0.00901880580931902,-0.00901880580931902,0.0,0.0,0.0,0.0,0.0,0.0,0.0,0.0,0.0,0.0,False,,,,,
180,0.3010784089565277,0.3010784089565277,0.0,0.0,0.0,0.0,0.0,0.0,0.0,0.0,0.0,0.0,False,,,,,
200,0.18581841886043549,0.18581841886043549,0.0,0.0,0.0,0.0,0.0,0.0,0.0,0.0,0.0,0.0,False,,,,,
220,-0.0658295750617981,-0.0658295750617981,0.0,0.0,0.0,0.0,0.0,0.0,0.0,0.0,0.0,0.0,False,,,,,
240,0.12049292027950287,0.12049292027950287,0.0,0.0,0.0,0.0,0.0,0.0,0.0,0.0,0.0,0.0,False,,,,,
260,0.03277105838060379,0.03277105838060379,0.0,0.0,0.0,0.0,0.0,0.0,0.0,0.0,0.0,0.0,False,,,,,
280,0.06991235911846161,0.06991235911846161,0.0,0.0,0.0,0.0,0.0,0.0,0.0,0.0,0.0,0.0,False,,,,,
300,0.1742824912071228,0.1742824912071228,0.0,0.0,0.0,0.0,0.0,0.0,0.0,0.0,0.0,0.0,False,,,,,
320,0.04149215668439865,0.04149215668439865,0.0,0.0,0.0,0.0,0.0,0.0,0.0,0.0,0.0,0.0,False,,,,,
340,0.047598809003829956,0.047598809003829956,0.0,0.0,0.0,0.0,0.0,0.0,0.0,0.0,0.0,0.0,False,,,,,
360,0.022137343883514404,0.022137343883514404,0.0,0.0,0.0,0.0,0.0,0.0,0.0,0.0,0.0,0.0,False,,,,,
380,0.056009989231824875,0.056009989231824875,0.0,0.0,0.0,0.0,0.0,0.0,0.0,0.0,0.0,0.0,False,,,,,
400,-0.037335388362407684,-0.037335388362407684,0.0,0.0,0.0,0.0,0.0,0.0,0.0,0.0,0.0,0.0,False,,,,,
420,-0.03531116247177124,-0.03531116247177124,0.0,0.0,0.0,0.0,0.0,0.0,0.0,0.0,0.0,0.0,False,,,,,
440,-0.14859521389007568,-0.14859521389007568,0.0,0.0,0.0,0.0,0.0,0.0,0.0,0.0,0.0,0.0,False,,,,,
460,0.24644163250923157,0.24644163250923157,0.0,0.0,0.0,0.0,0.0,0.0,0.0,0.0,0.0,0.0,False,,,,,
480,-0.05417797341942787,-0.05417797341942787,0.0,0.0,0.0,0.0,0.0,0.0,0.0,0.0,0.0,0.0,False,,,,,
500,0.2159687578678131,0.2159687578678131,0.0,0.0,0.0,0.0,0.0,0.0,0.0,0.0,0.0,0.0,False,,,,,
520,-0.19014225900173187,-0.19014225900173187,0.0,0.0,0.0,0.0,0.0,0.0,0.0,0.0,0.0,0.0,False,,,,,
540,-0.022353066131472588,-0.022353066131472588,0.0,0.0,0.0,0.0,0.0,0.0,0.0,0.0,0.0,0.0,False,,,,,
560,0.17131654918193817,0.17131654918193817,0.0,0.0,0.0,0.0,0.0,0.0,0.0,0.0,0.0,0.0,False,,,,,
580,0.060426145792007446,0.060426145792007446,0.0,0.0,0.0,0.0,0.0,0.0,0.0,0.0,0.0,0.0,False,,,,,
600,-0.06880000233650208,-0.06880000233650208,0.0,0.0,0.0,0.0,0.0,0.0,0.0,0.0,0.0,0.0,False,,,,,
620,0.11321186274290085,0.11321186274290085,0.0,0.0,0.0,0.0,0.0,0.0,0.0,0.0,0.0,0.0,False,,,,,
640,0.19354577362537384,0.19354577362537384,0.0,0.0,0.0,0.0,0.0,0.0,0.0,0.0,0.0,0.0,False,,,,,
660,0.14360642433166504,0.14360642433166504,0.0,0.0,0.0,0.0,0.0,0.0,0.0,0.0,0.0,0.0,False,,,,,
680,0.15563936531543732,0.15563936531543732,0.0,0.0,0.0,0.0,0.0,0.0,0.0,0.0,0.0,0.0,False,,,,,
700,-0.05862174555659294,-0.05862174555659294,0.0,0.0,0.0,0.0,0.0,0.0,0.0,0.0,0.0,0.0,False,,,,,
720,0.19531317055225372,0.19531317055225372,0.0,0.0,0.0,0.0,0.0,0.0,0.0,0.0,0.0,0.0,False,,,,,
740,0.1041850671172142,0.1041850671172142,0.0,0.0,0.0,0.0,0.0,0.0,0.0,0.0,0.0,0.0,False,,,,,
760,0.015249861404299736,0.015249861404299736,0.0,0.0,0.0,0.0,0.0,0.0,0.0,0.0,0.0,0.0,False,,,,,
780,-0.11066946387290955,-0.11066946387290955,0.0,0.0,0.0,0.0,0.0,0.0,0.0,0.0,0.0,0.0,False,,,,,
800,0.26573535799980164,0.26573535799980164,0.0,0.0,0.0,0.0,0.0,0.0,0.0,0.0,0.0,0.0,False,,,,,
820,-0.016269000247120857,-0.016269000247120857,0.0,0.0,0.0,0.0,0.0,0.0,0.0,0.0,0.0,0.0,False,,,,,
840,-0.0388006754219532,-0.0388006754219532,0.0,0.0,0.0,0.0,0.0,0.0,0.0,0.0,0.0,0.0,False,,,,,
860,0.01816537417471409,0.01816537417471409,0.0,0.0,0.0,0.0,0.0,0.0,0.0,0.0,0.0,0.0,False,,,,,
880,-0.00996915902942419,-0.00996915902942419,0.0,0.0,0.0,0.0,0.0,0.0,0.0,0.0,0.0,0.0,False,,,,,
900,-0.3286498188972473,-0.3286498188972473,0.0,0.0,0.0,0.0,0.0,0.0,0.0,0.0,0.0,0.0,False,,,,,
920,-0.2722821831703186,-0.2722821831703186,0.0,0.0,0.0,0.0,0.0,0.0,0.0,0.0,0.0,0.0,False,,,,,
940,0.03488733246922493,0.03488733246922493,0.0,0.0,0.0,0.0,0.0,0.0,0.0,0.0,0.0,0.0,False,,,,,
960,-0.16956453025341034,-0.16956453025341034,0.0,0.0,0.0,0.0,0.0,0.0,0.0,0.0,0.0,0.0,False,,,,,
980,0.023928137496113777,0.023928137496113777,0.0,0.0,0.0,0.0,0.0,0.0,0.0,0.0,0.0,0.0,False,,,,,
1000,-0.013774687424302101,-0.013774687424302101,0.0,0.0,0.0,0.0,0.0,0.0,0.0,0.0,0.0,0.0,False,,,,,
1020,0.23784349858760834,0.23784349858760834,0.0,0.0,0.0,0.0,0.0,0.0,0.0,0.0,0.0,0.0,False,,,,,
1040,0.12675930559635162,0.12675930559635162,0.0,0.0,0.0,0.0,0.0,0.0,0.0,0.0,0.0,0.0,False,,,,,
1060,0.16781176626682281,0.16781176626682281,0.0,0.0,0.0,0.0,0.0,0.0,0.0,0.0,0.0,0.0,False,,,,,
1080,-0.25750255584716797,-0.25750255584716797,0.0,0.0,0.0,0.0,0.0,0.0,0.0,0.0,0.0,0.0,False,,,,,
1100,0.037115707993507385,0.037115707993507385,0.0,0.0,0.0,0.0,0.0,0.0,0.0,0.0,0.0,0.0,False,,,,,
1120,0.33848002552986145,0.33848002552986145,0.0,0.0,0.0,0.0,0.0,0.0,0.0,0.0,0.0,0.0,False,,,,,
1140,0.054153334349393845,0.054153334349393845,0.0,0.0,0.0,0.0,0.0,0.0,0.0,0.0,0.0,0.0,False,,,,,
1160,-0.036491911858320236,-0.036491911858320236,0.0,0.0,0.0,0.0,0.0,0.0,0.0,0.0,0.0,0.0,False,,,,,
1180,0.1267572045326233,0.1267572045326233,0.0,0.0,0.0,0.0,0.0,0.0,0.0,0.0,0.0,0.0,False,,,,,
1200,-0.06527085602283478,-0.06527085602283478,0.0,0.0,0.0,0.0,0.0,0.0,0.0,0.0,0.0,0.0,False,,,,,
1220,0.06287378817796707,0.06287378817796707,0.0,0.0,0.0,0.0,0.0,0.0,0.0,0.0,0.0,0.0,False,,,,,
1240,0.15584391355514526,0.15584391355514526,0.0,0.0,0.0,0.0,0.0,0.0,0.0,0.0,0.0,0.0,False,,,,,
1260,0.01881377212703228,0.01881377212703228,0.0,0.0,0.0,0.0,0.0,0.0,0.0,0.0,0.0,0.0,False,,,,,
1280,0.07745411992073059,0.07745411992073059,0.0,0.0,0.0,0.0,0.0,0.0,0.0,0.0,0.0,0.0,False,,,,,
1300,0.21900755167007446,0.21900755167007446,0.0,0.0,0.0,0.0,0.0,0.0,0.0,0.0,0.0,0.0,False,,,,,
1320,0.20849376916885376,0.20849376916885376,0.0,0.0,0.0,0.0,0.0,0.0,0.0,0.0,0.0,0.0,False,,,,,
1340,-0.10483255982398987,-0.10483255982398987,0.0,0.0,0.0,0.0,0.0,0.0,0.0,0.0,0.0,0.0,False,,,,,
1360,0.03383653983473778,0.03383653983473778,0.0,0.0,0.0,0.0,0.0,0.0,0.0,0.0,0.0,0.0,False,,,,,
1380,-0.17688214778900146,-0.17688214778900146,0.0,0.0,0.0,0.0,0.0,0.0,0.0,0.0,0.0,0.0,False,,,,,
1400,0.0652247816324234,0.0652247816324234,0.0,0.0,0.0,0.0,0.0,0.0,0.0,0.0,0.0,0.0,False,,,,,
1420,-0.12562400102615356,-0.12562400102615356,0.0,0.0,0.0,0.0,0.0,0.0,0.0,0.0,0.0,0.0,False,,,,,
1440,0.13002052903175354,0.13002052903175354,0.0,0.0,0.0,0.0,0.0,0.0,0.0,0.0,0.0,0.0,False,,,,,
1460,-0.40995827317237854,-0.40995827317237854,0.0,0.0,0.0,0.0,0.0,0.0,0.0,0.0,0.0,0.0,False,,,,,
1480,-0.05049971491098404,-0.05049971491098404,0.0,0.0,0.0,0.0,0.0,0.0,0.0,0.0,0.0,0.0,False,,,,,
1500,-0.02443644031882286,-0.02443644031882286,0.0,0.0,0.0,0.0,0.0,0.0,0.0,0.0,0.0,0.0,False,,,,,
1520,0.154910609126091,0.154910609126091,0.0,0.0,0.0,0.0,0.0,0.0,0.0,0.0,0.0,0.0,False,,,,,
1540,-0.04203064739704132,-0.04203064739704132,0.0,0.0,0.0,0.0,0.0,0.0,0.0,0.0,0.0,0.0,False,,,,,
1560,0.09314600378274918,0.09314600378274918,0.0,0.0,0.0,0.0,0.0,0.0,0.0,0.0,0.0,0.0,False,,,,,
1580,0.13257844746112823,0.13257844746112823,0.0,0.0,0.0,0.0,0.0,0.0,0.0,0.0,0.0,0.0,False,,,,,
1600,-0.002354562748223543,-0.002354562748223543,0.0,0.0,0.0,0.0,0.0,0.0,0.0,0.0,0.0,0.0,False,,,,,
1620,-0.092927947640419,-0.092927947640419,0.0,0.0,0.0,0.0,0.0,0.0,0.0,0.0,0.0,0.0,False,,,,,
1640,-0.14063796401023865,-0.14063796401023865,0.0,0.0,0.0,0.0,0.0,0.0,0.0,0.0,0.0,0.0,False,,,,,
1660,0.2116296887397766,0.2116296887397766,0.0,0.0,0.0,0.0,0.0,0.0,0.0,0.0,0.0,0.0,False,,,,,
1680,0.07059831917285919,0.07059831917285919,0.0,0.0,0.0,0.0,0.0,0.0,0.0,0.0,0.0,0.0,False,,,,,
1700,0.055388376116752625,0.055388376116752625,0.0,0.0,0.0,0.0,0.0,0.0,0.0,0.0,0.0,0.0,False,,,,,
1720,-0.08235999196767807,-0.08235999196767807,0.0,0.0,0.0,0.0,0.0,0.0,0.0,0.0,0.0,0.0,False,,,,,
1740,0.22778333723545074,0.22778333723545074,0.0,0.0,0.0,0.0,0.0,0.0,0.0,0.0,0.0,0.0,False,,,,,
1760,-0.040828902274370193,-0.040828902274370193,0.0,0.0,0.0,0.0,0.0,0.0,0.0,0.0,0.0,0.0,False,,,,,
1780,-0.0037376482505351305,-0.0037376482505351305,0.0,0.0,0.0,0.0,0.0,0.0,0.0,0.0,0.0,0.0,False,,,,,
1800,0.029313094913959503,0.029313094913959503,0.0,0.0,0.0,0.0,0.0,0.0,0.0,0.0,0.0,0.0,False,,,,,
1820,0.03246209770441055,0.03246209770441055,0.0,0.0,0.0,0.0,0.0,0.0,0.0,0.0,0.0,0.0,False,,,,,
1840,-0.5989221930503845,-0.5989221930503845,0.0,0.0,0.0,0.0,0.0,0.0,0.0,0.0,0.0,0.0,False,,,,,
1860,-0.29146772623062134,-0.29146772623062134,0.0,0.0,0.0,0.0,0.0,0.0,0.0,0.0,0.0,0.0,False,,,,,
1880,0.03035098873078823,0.03035098873078823,0.0,0.0,0.0,0.0,0.0,0.0,0.0,0.0,0.0,0.0,False,,,,,
1900,-0.23305462300777435,-0.23305462300777435,0.0,0.0,0.0,0.0,0.0,0.0,0.0,0.0,0.0,0.0,False,,,,,
1920,0.15190301835536957,0.15190301835536957,0.0,0.0,0.0,0.0,0.0,0.0,0.0,0.0,0.0,0.0,False,,,,,
1940,-0.002057546516880393,-0.002057546516880393,0.0,0.0,0.0,0.0,0.0,0.0,0.0,0.0,0.0,0.0,False,,,,,
1960,0.3564262092113495,0.3564262092113495,0.0,0.0,0.0,0.0,0.0,0.0,0.0,0.0,0.0,0.0,False,,,,,
1980,0.18051964044570923,0.18051964044570923,0.0,0.0,0.0,0.0,0.0,0.0,0.0,0.0,0.0,0.0,False,,,,,
2000,0.13867361843585968,0.13867361843585968,0.0,0.0,0.0,0.0,0.0,0.0,0.0,0.0,0.0,0.0,False,,,,,
2020,-0.41632193326950073,-0.41632193326950073,0.0,0.0,0.0,0.0,0.0,0.0,0.0,0.0,0.0,0.0,False,,,,,
2040,-0.05362849682569504,-0.05362849682569504,0.0,0.0,0.0,0.0,0.0,0.0,0.0,0.0,0.0,0.0,False,,,,,
2060,0.18525484204292297,0.18525484204292297,0.0,0.0,0.0,0.0,0.0,0.0,0.0,0.0,0.0,0.0,False,,-0.3940548896789551,0.20043830592185258,-7.087633937597275,0.00670417957007885
2080,0.16901077330112457,0.16901077330112457,0.0,0.0,0.0,0.0,0.0,0.0,0.0,0.0,0.0,0.0,False,,-0.3940548896789551,0.20043830592185258,-7.087633937597275,0.00670417957007885
2100,-0.04796554148197174,-0.04796554148197174,0.0,0.0,0.0,0.0,0.0,0.0,0.0,0.0,0.0,0.0,False,,-0.3940548896789551,0.20043830592185258,-7.087633937597275,0.00670417957007885
2120,0.098635233938694,0.098635233938694,0.0,0.0,0.0,0.0,0.0,0.0,0.0,0.0,0.0,0.0,False,,-0.3940548896789551,0.20043830592185258,-7.087633937597275,0.00670417957007885
2140,-0.10576765239238739,-0.10576765239238739,0.0,0.0,0.0,0.0,0.0,0.0,0.0,0.0,0.0,0.0,False,,-0.3940548896789551,0.20043830592185258,-7.087633937597275,0.00670417957007885
2160,0.026545971632003784,0.026545971632003784,0.0,0.0,0.0,0.0,0.0,0.0,0.0,0.0,0.0,0.0,False,,-0.3940548896789551,0.20043830592185258,-7.087633937597275,0.00670417957007885
2180,0.24275754392147064,0.24275754392147064,0.0,0.0,0.0,0.0,0.0,0.0,0.0,0.0,0.0,0.0,False,,-0.3940548896789551,0.20043830592185258,-7.087633937597275,0.00670417957007885
2200,0.13811543583869934,0.13811543583869934,0.0,0.0,0.0,0.0,0.0,0.0,0.0,0.0,0.0,0.0,False,,-0.3940548896789551,0.20043830592185258,-7.087633937597275,0.00670417957007885
2220,0.038840290158987045,0.038840290158987045,0.0,0.0,0.0,0.0,0.0,0.0,0.0,0.0,0.0,0.0,False,,-0.3940548896789551,0.20043830592185258,-7.087633937597275,0.00670417957007885
2240,0.18040424585342407,0.18040424585342407,0.0,0.0,0.0,0.0,0.0,0.0,0.0,0.0,0.0,0.0,False,,-0.3940548896789551,0.20043830592185258,-7.087633937597275,0.00670417957007885
2260,0.03835136815905571,0.03835136815905571,0.0,0.0,0.0,0.0,0.0,0.0,0.0,0.0,0.0,0.0,False,,-0.3940548896789551,0.20043830592185258,-7.087633937597275,0.00670417957007885
2280,-0.03180992230772972,-0.03180992230772972,0.0,0.0,0.0,0.0,0.0,0.0,0.0,0.0,0.0,0.0,False,,-0.3940548896789551,0.20043830592185258,-7.087633937597275,0.00670417957007885
2300,0.030728178098797798,0.030728178098797798,0.0,0.0,0.0,0.0,0.0,0.0,0.0,0.0,0.0,0.0,False,,-0.3940548896789551,0.20043830592185258,-7.087633937597275,0.00670417957007885
2320,-0.22547303140163422,-0.22547303140163422,0.0,0.0,0.0,0.0,0.0,0.0,0.0,0.0,0.0,0.0,False,,-0.3940548896789551,0.20043830592185258,-7.087633937597275,0.00670417957007885
2340,0.15247519314289093,0.15247519314289093,0.0,0.0,0.0,0.0,0.0,0.0,0.0,0.0,0.0,0.0,False,,-0.3940548896789551,0.20043830592185258,-7.087633937597275,0.00670417957007885
2360,0.01770578697323799,0.01770578697323799,0.0,0.0,0.0,0.0,0.0,0.0,0.0,0.0,0.0,0.0,False,,-0.3940548896789551,0.20043830592185258,-7.087633937597275,0.00670417957007885
2380,0.24914968013763428,0.24914968013763428,0.0,0.0,0.0,0.0,0.0,0.0,0.0,0.0,0.0,0.0,False,,-0.3940548896789551,0.20043830592185258,-7.087633937597275,0.00670417957007885
2400,-0.28287971019744873,-0.28287971019744873,0.0,0.0,0.0,0.0,0.0,0.0,0.0,0.0,0.0,0.0,False,,-0.3940548896789551,0.20043830592185258,-7.087633937597275,0.00670417957007885
2420,0.021091831848025322,0.021091831848025322,0.0,0.0,0.0,0.0,0.0,0.0,0.0,0.0,0.0,0.0,False,,-0.3940548896789551,0.20043830592185258,-7.087633937597275,0.00670417957007885
2440,0.04163947328925133,0.04163947328925133,0.0,0.0,0.0,0.0,0.0,0.0,0.0,0.0,0.0,0.0,False,,-0.3940548896789551,0.20043830592185258,-7.087633937597275,0.00670417957007885
2460,0.022853780537843704,0.022853780537843704,0.0,0.0,0.0,0.0,0.0,0.0,0.0,0.0,0.0,0.0,False,,-0.3940548896789551,0.20043830592185258,-7.087633937597275,0.00670417957007885
2480,-0.03540429845452309,-0.03540429845452309,0.0,0.0,0.0,0.0,0.0,0.0,0.0,0.0,0.0,0.0,False,,-0.3940548896789551,0.20043830592185258,-7.087633937597275,0.00670417957007885
2500,0.1856876015663147,0.1856876015663147,0.0,0.0,0.0,0.0,0.0,0.0,0.0,0.0,0.0,0.0,False,,-0.3940548896789551,0.20043830592185258,-7.087633937597275,0.00670417957007885
2520,0.06961342692375183,0.06961342692375183,0.0,0.0,0.0,0.0,0.0,0.0,0.0,0.0,0.0,0.0,False,,-0.3940548896789551,0.20043830592185258,-7.087633937597275,0.00670417957007885
2540,0.09656107425689697,0.09656107425689697,0.0,0.0,0.0,0.0,0.0,0.0,0.0,0.0,0.0,0.0,False,,-0.3940548896789551,0.20043830592185258,-7.087633937597275,0.00670417957007885
2560,0.018979351967573166,0.018979351967573166,0.0,0.0,0.0,0.0,0.0,0.0,0.0,0.0,0.0,0.0,False,,-0.3940548896789551,0.20043830592185258,-7.087633937597275,0.00670417957007885
2580,-0.1819302886724472,-0.1819302886724472,0.0,0.0,0.0,0.0,0.0,0.0,0.0,0.0,0.0,0.0,False,,-0.3940548896789551,0.20043830592185258,-7.087633937597275,0.00670417957007885
2600,0.2705234885215759,0.2705234885215759,0.0,0.0,0.0,0.0,0.0,0.0,0.0,0.0,0.0,0.0,False,,-0.3940548896789551,0.20043830592185258,-7.087633937597275,0.00670417957007885
2620,0.0357738733291626,0.0357738733291626,0.0,0.0,0.0,0.0,0.0,0.0,0.0,0.0,0.0,0.0,False,,-0.3940548896789551,0.20043830592185258,-7.087633937597275,0.00670417957007885
2640,0.07324930280447006,0.07324930280447006,0.0,0.0,0.0,0.0,0.0,0.0,0.0,0.0,0.0,0.0,False,,-0.3940548896789551,0.20043830592185258,-7.087633937597275,0.00670417957007885
2660,-0.058156948536634445,-0.058156948536634445,0.0,0.0,0.0,0.0,0.0,0.0,0.0,0.0,0.0,0.0,False,,-0.3940548896789551,0.20043830592185258,-7.087633937597275,0.00670417957007885
2680,0.2910812199115753,0.2910812199115753,0.0,0.0,0.0,0.0,0.0,0.0,0.0,0.0,0.0,0.0,False,,-0.3940548896789551,0.20043830592185258,-7.087633937597275,0.00670417957007885
2700,-0.07791488617658615,-0.07791488617658615,0.0,0.0,0.0,0.0,0.0,0.0,0.0,0.0,0.0,0.0,False,,-0.3940548896789551,0.20043830592185258,-7.087633937597275,0.00670417957007885
2720,-0.033360354602336884,-0.033360354602336884,0.0,0.0,0.0,0.0,0.0,0.0,0.0,0.0,0.0,0.0,False,,-0.3940548896789551,0.20043830592185258,-7.087633937597275,0.00670417957007885
2740,0.004678754601627588,0.004678754601627588,0.0,0.0,0.0,0.0,0.0,0.0,0.0,0.0,0.0,0.0,False,,-0.3940548896789551,0.20043830592185258,-7.087633937597275,0.00670417957007885
2760,-0.02885456010699272,-0.02885456010699272,0.0,0.0,0.0,0.0,0.0,0.0,0.0,0.0,0.0,0.0,False,,-0.3940548896789551,0.20043830592185258,-7.087633937597275,0.00670417957007885
2780,-0.5622512698173523,-0.5622512698173523,0.0,0.0,0.0,0.0,0.0,0.0,0.0,0.0,0.0,0.0,False,,-0.3940548896789551,0.20043830592185258,-7.087633937597275,0.00670417957007885
2800,-0.35595643520355225,-0.35595643520355225,0.0,0.0,0.0,0.0,0.0,0.0,0.0,0.0,0.0,0.0,False,,-0.3940548896789551,0.20043830592185258,-7.087633937597275,0.00670417957007885
2820,-0.06302840262651443,-0.06302840262651443,0.0,0.0,0.0,0.0,0.0,0.0,0.0,0.0,0.0,0.0,False,,-0.3940548896789551,0.20043830592185258,-7.087633937597275,0.00670417957007885
2840,-0.43504074215888977,-0.43504074215888977,0.0,0.0,0.0,0.0,0.0,0.0,0.0,0.0,0.0,0.0,False,,-0.3940548896789551,0.20043830592185258,-7.087633937597275,0.00670417957007885
2860,0.1309821903705597,0.1309821903705597,0.0,0.0,0.0,0.0,0.0,0.0,0.0,0.0,0.0,0.0,False,,-0.3940548896789551,0.20043830592185258,-7.087633937597275,0.00670417957007885
2880,-0.013748951256275177,-0.013748951256275177,0.0,0.0,0.0,0.0,0.0,0.0,0.0,0.0,0.0,0.0,False,,-0.3940548896789551,0.20043830592185258,-7.087633937597275,0.00670417957007885
2900,0.13659843802452087,0.13659843802452087,0.0,0.0,0.0,0.0,0.0,0.0,0.0,0.0,0.0,0.0,False,,-0.3940548896789551,0.20043830592185258,-7.087633937597275,0.00670417957007885
2920,0.06831932812929153,0.06831932812929153,0.0,0.0,0.0,0.0,0.0,0.0,0.0,0.0,0.0,0.0,False,,-0.3940548896789551,0.20043830592185258,-7.087633937597275,0.00670417957007885
2940,0.14040017127990723,0.14040017127990723,0.0,0.0,0.0,0.0,0.0,0.0,0.0,0.0,0.0,0.0,False,,-0.3940548896789551,0.20043830592185258,-7.087633937597275,0.00670417957007885
2960,-0.5267410278320312,-0.5267410278320312,0.0,0.0,0.0,0.0,0.0,0.0,0.0,0.0,0.0,0.0,False,,-0.3940548896789551,0.20043830592185258,-7.087633937597275,0.00670417957007885
2980,-0.0069258371368050575,-0.0069258371368050575,0.0,0.0,0.0,0.0,0.0,0.0,0.0,0.0,0.0,0.0,False,,-0.3940548896789551,0.20043830592185258,-7.087633937597275,0.00670417957007885
3000,0.28373244404792786,0.28373244404792786,0.0,0.0,0.0,0.0,0.0,0.0,0.0,0.0,0.0,0.0,False,,-0.3940548896789551,0.20043830592185258,-7.087633937597275,0.00670417957007885
3020,0.17920030653476715,0.17920030653476715,0.0,0.0,0.0,0.0,0.0,0.0,0.0,0.0,0.0,0.0,False,,-0.3940548896789551,0.20043830592185258,-7.087633937597275,0.00670417957007885
3040,-0.08281238377094269,-0.08281238377094269,0.0,0.0,0.0,0.0,0.0,0.0,0.0,0.0,0.0,0.0,False,,-0.3940548896789551,0.20043830592185258,-7.087633937597275,0.00670417957007885
3060,0.09409042447805405,0.09409042447805405,0.0,0.0,0.0,0.0,0.0,0.0,0.0,0.0,0.0,0.0,False,,-0.3940548896789551,0.20043830592185258,-7.087633937597275,0.00670417957007885
3080,0.016470013186335564,0.016470013186335564,0.0,0.0,0.0,0.0,0.0,0.0,0.0,0.0,0.0,0.0,False,,-0.3940548896789551,0.20043830592185258,-7.087633937597275,0.00670417957007885
3100,0.047210562974214554,0.047210562974214554,0.0,0.0,0.0,0.0,0.0,0.0,0.0,0.0,0.0,0.0,False,,-0.3940548896789551,0.20043830592185258,-7.087633937597275,0.00670417957007885
3120,0.167537122964859,0.167537122964859,0.0,0.0,0.0,0.0,0.0,0.0,0.0,0.0,0.0,0.0,False,,-0.3940548896789551,0.20043830592185258,-7.087633937597275,0.00670417957007885
3140,0.0730365738272667,0.0730365738272667,0.0,0.0,0.0,0.0,0.0,0.0,0.0,0.0,0.0,0.0,False,,-0.3940548896789551,0.20043830592185258,-7.087633937597275,0.00670417957007885
3160,0.0406002439558506,0.0406002439558506,0.0,0.0,0.0,0.0,0.0,0.0,0.0,0.0,0.0,0.0,False,,-0.3940548896789551,0.20043830592185258,-7.087633937597275,0.00670417957007885
3180,0.02662833034992218,0.02662833034992218,0.0,0.0,0.0,0.0,0.0,0.0,0.0,0.0,0.0,0.0,False,,-0.3940548896789551,0.20043830592185258,-7.087633937597275,0.00670417957007885
3200,0.1642330437898636,0.1642330437898636,0.0,0.0,0.0,0.0,0.0,0.0,0.0,0.0,0.0,0.0,False,,-0.3940548896789551,0.20043830592185258,-7.087633937597275,0.00670417957007885
3220,-0.01800730638206005,-0.01800730638206005,0.0,0.0,0.0,0.0,0.0,0.0,0.0,0.0,0.0,0.0,False,,-0.3940548896789551,0.20043830592185258,-7.087633937597275,0.00670417957007885
3240,0.11598460376262665,0.11598460376262665,0.0,0.0,0.0,0.0,0.0,0.0,0.0,0.0,0.0,0.0,False,,-0.3940548896789551,0.20043830592185258,-7.087633937597275,0.00670417957007885
3260,-0.20057989656925201,-0.20057989656925201,0.0,0.0,0.0,0.0,0.0,0.0,0.0,0.0,0.0,0.0,False,,-0.3940548896789551,0.20043830592185258,-7.087633937597275,0.00670417957007885
3280,0.1878785341978073,0.1878785341978073,0.0,0.0,0.0,0.0,0.0,0.0,0.0,0.0,0.0,0.0,False,,-0.3940548896789551,0.20043830592185258,-7.087633937597275,0.00670417957007885
3300,0.015196234919130802,0.015196234919130802,0.0,0.0,0.0,0.0,0.0,0.0,0.0,0.0,0.0,0.0,False,,-0.3940548896789551,0.20043830592185258,-7.087633937597275,0.00670417957007885
3320,0.031008580699563026,0.031008580699563026,0.0,0.0,0.0,0.0,0.0,0.0,0.0,0.0,0.0,0.0,False,,-0.3940548896789551,0.20043830592185258,-7.087633937597275,0.00670417957007885
3340,-0.023467393592000008,-0.023467393592000008,0.0,0.0,0.0,0.0,0.0,0.0,0.0,0.0,0.0,0.0,False,,-0.3940548896789551,0.20043830592185258,-7.087633937597275,0.00670417957007885
3360,0.03940604627132416,0.03940604627132416,0.0,0.0,0.0,0.0,0.0,0.0,0.0,0.0,0.0,0.0,False,,-0.3940548896789551,0.20043830592185258,-7.087633937597275,0.00670417957007885
3380,-0.0512084886431694,-0.0512084886431694,0.0,0.0,0.0,0.0,0.0,0.0,0.0,0.0,0.0,0.0,False,,-0.3940548896789551,0.20043830592185258,-7.087633937597275,0.00670417957007885
3400,0.07873493432998657,0.07873493432998657,0.0,0.0,0.0,0.0,0.0,0.0,0.0,0.0,0.0,0.0,False,,-0.3940548896789551,0.20043830592185258,-7.087633937597275,0.00670417957007885
3420,-0.041705191135406494,-0.041705191135406494,0.0,0.0,0.0,0.0,0.0,0.0,0.0,0.0,0.0,0.0,False,,-0.3940548896789551,0.20043830592185258,-7.087633937597275,0.00670417957007885
3440,0.12289661914110184,0.12289661914110184,0.0,0.0,0.0,0.0,0.0,0.0,0.0,0.0,0.0,0.0,False,,-0.3940548896789551,0.20043830592185258,-7.087633937597275,0.00670417957007885
3460,0.1214621290564537,0.1214621290564537,0.0,0.0,0.0,0.0,0.0,0.0,0.0,0.0,0.0,0.0,False,,-0.3940548896789551,0.20043830592185258,-7.087633937597275,0.00670417957007885
3480,0.16121512651443481,0.16121512651443481,0.0,0.0,0.0,0.0,0.0,0.0,0.0,0.0,0.0,0.0,False,,-0.3940548896789551,0.20043830592185258,-7.087633937597275,0.00670417957007885
3500,-0.025657013058662415,-0.025657013058662415,0.0,0.0,0.0,0.0,0.0,0.0,0.0,0.0,0.0,0.0,False,,-0.3940548896789551,0.20043830592185258,-7.087633937597275,0.00670417957007885
3520,0.008418779820203781,0.008418779820203781,0.0,0.0,0.0,0.0,0.0,0.0,0.0,0.0,0.0,0.0,False,,-0.3940548896789551,0.20043830592185258,-7.087633937597275,0.00670417957007885
3540,0.2948567569255829,0.2948567569255829,0.0,0.0,0.0,0.0,0.0,0.0,0.0,0.0,0.0,0.0,False,,-0.3940548896789551,0.20043830592185258,-7.087633937597275,0.00670417957007885
3560,0.04502689465880394,0.04502689465880394,0.0,0.0,0.0,0.0,0.0,0.0,0.0,0.0,0.0,0.0,False,,-0.3940548896789551,0.20043830592185258,-7.087633937597275,0.00670417957007885
3580,0.009344790130853653,0.009344790130853653,0.0,0.0,0.0,0.0,0.0,0.0,0.0,0.0,0.0,0.0,False,,-0.3940548896789551,0.20043830592185258,-7.087633937597275,0.00670417957007885
3600,-0.08991129696369171,-0.08991129696369171,0.0,0.0,0.0,0.0,0.0,0.0,0.0,0.0,0.0,0.0,False,,-0.3940548896789551,0.20043830592185258,-7.087633937597275,0.00670417957007885
3620,0.05485306307673454,0.05485306307673454,0.0,0.0,0.0,0.0,0.0,0.0,0.0,0.0,0.0,0.0,False,,-0.3940548896789551,0.20043830592185258,-7.087633937597275,0.00670417957007885
3640,-0.07308483123779297,-0.07308483123779297,0.0,0.0,0.0,0.0,0.0,0.0,0.0,0.0,0.0,0.0,False,,-0.3940548896789551,0.20043830592185258,-7.087633937597275,0.00670417957007885
3660,-0.01310566533356905,-0.01310566533356905,0.0,0.0,0.0,0.0,0.0,0.0,0.0,0.0,0.0,0.0,False,,-0.3940548896789551,0.20043830592185258,-7.087633937597275,0.00670417957007885
3680,0.08155027776956558,0.08155027776956558,0.0,0.0,0.0,0.0,0.0,0.0,0.0,0.0,0.0,0.0,False,,-0.3940548896789551,0.20043830592185258,-7.087633937597275,0.00670417957007885
3700,0.017077894881367683,0.017077894881367683,0.0,0.0,0.0,0.0,0.0,0.0,0.0,0.0,0.0,0.0,False,,-0.3940548896789551,0.20043830592185258,-7.087633937597275,0.00670417957007885
3720,-0.43102094531059265,-0.43102094531059265,0.0,0.0,0.0,0.0,0.0,0.0,0.0,0.0,0.0,0.0,False,,-0.3940548896789551,0.20043830592185258,-7.087633937597275,0.00670417957007885
3740,-0.28784599900245667,-0.28784599900245667,0.0,0.0,0.0,0.0,0.0,0.0,0.0,0.0,0.0,0.0,False,,-0.3940548896789551,0.20043830592185258,-7.087633937597275,0.00670417957007885
3760,0.11624632030725479,0.11624632030725479,0.0,0.0,0.0,0.0,0.0,0.0,0.0,0.0,0.0,0.0,False,,-0.3940548896789551,0.20043830592185258,-7.087633937597275,0.00670417957007885
3780,-0.22683772444725037,-0.22683772444725037,0.0,0.0,0.0,0.0,0.0,0.0,0.0,0.0,0.0,0.0,False,,-0.3940548896789551,0.20043830592185258,-7.087633937597275,0.00670417957007885
3800,0.07419096678495407,0.07419096678495407,0.0,0.0,0.0,0.0,0.0,0.0,0.0,0.0,0.0,0.0,False,,-0.3940548896789551,0.20043830592185258,-7.087633937597275,0.00670417957007885
3820,-0.004573354963213205,-0.004573354963213205,0.0,0.0,0.0,0.0,0.0,0.0,0.0,0.0,0.0,0.0,False,,-0.3940548896789551,0.20043830592185258,-7.087633937597275,0.00670417957007885
3840,0.25089231133461,0.25089231133461,0.0,0.0,0.0,0.0,0.0,0.0,0.0,0.0,0.0,0.0,False,,-0.3940548896789551,0.20043830592185258,-7.087633937597275,0.00670417957007885
3860,0.1699836701154709,0.1699836701154709,0.0,0.0,0.0,0.0,0.0,0.0,0.0,0.0,0.0,0.0,False,,-0.3940548896789551,0.20043830592185258,-7.087633937597275,0.00670417957007885
3880,0.34113809466362,0.34113809466362,0.0,0.0,0.0,0.0,0.0,0.0,0.0,0.0,0.0,0.0,False,,-0.3940548896789551,0.20043830592185258,-7.087633937597275,0.00670417957007885
3900,-0.6059293746948242,-0.6059293746948242,0.0,0.0,0.0,0.0,0.0,0.0,0.0,0.0,0.0,0.0,False,,-0.3940548896789551,0.20043830592185258,-7.087633937597275,0.00670417957007885
3920,0.03699827566742897,0.03699827566742897,0.0,0.0,0.0,0.0,0.0,0.0,0.0,0.0,0.0,0.0,False,,-0.3940548896789551,0.20043830592185258,-7.087633937597275,0.00670417957007885
3940,0.36417266726493835,0.36417266726493835,0.0,0.0,0.0,0.0,0.0,0.0,0.0,0.0,0.0,0.0,False,,-0.3940548896789551,0.20043830592185258,-7.087633937597275,0.00670417957007885
3960,0.19306905567646027,0.19306905567646027,0.0,0.0,0.0,0.0,0.0,0.0,0.0,0.0,0.0,0.0,False,,-0.3940548896789551,0.20043830592185258,-7.087633937597275,0.00670417957007885
3980,-0.021473826840519905,-0.021473826840519905,0.0,0.0,0.0,0.0,0.0,0.0,0.0,0.0,0.0,0.0,False,,-0.3940548896789551,0.20043830592185258,-7.087633937597275,0.00670417957007885
4000,0.06394695490598679,0.06394695490598679,0.0,0.0,0.0,0.0,0.0,0.0,0.0,0.0,0.0,0.0,False,,-0.3940548896789551,0.20043830592185258,-7.087633937597275,0.00670417957007885
4020,-0.03315497934818268,-0.03315497934818268,0.0,0.0,0.0,0.0,0.0,0.0,0.0,0.0,0.0,0.0,False,,-0.3940548896789551,0.20043830592185258,-7.087633937597275,0.00670417957007885
4040,0.03644910454750061,0.03644910454750061,0.0,0.0,0.0,0.0,0.0,0.0,0.0,0.0,0.0,0.0,False,,-0.3940548896789551,0.20043830592185258,-7.087633937597275,0.00670417957007885
4060,0.2770042419433594,0.2770042419433594,0.0,0.0,0.0,0.0,0.0,0.0,0.0,0.0,0.0,0.0,False,,-0.3940548896789551,0.20043830592185258,-7.087633937597275,0.00670417957007885
4080,-0.007758910767734051,-0.007758910767734051,0.0,0.0,0.0,0.0,0.0,0.0,0.0,0.0,0.0,0.0,False,,-0.3940548896789551,0.20043830592185258,-7.087633937597275,0.00670417957007885
